Date,Description,Amount,Source,Category
2025-12-09,PORTLAND PARKING KITTY 503-2785410 OR,-6.6,January 08.pdf,Shopping
2025-12-09,CHASE CREDIT CRD DES:EPAY ID:8946445281 INDN:NIKHIL NILAKANTAN CO,-858.34,eStmt_2026-01-07.pdf,Credit Card Payment
2025-12-10,NORTHWEST NATURA DES:BILLPAY ID:NW NATURAL 8004 INDN:NIKHIL NILAKANTAN CO,-132.03,eStmt_2026-01-07.pdf,Utilities
2025-12-11,PRIMUS REALTY DES:ACH ID:919-491-4431 INDN:NIKHIL NILAKANTAN CO,1969.0,eStmt_2026-01-07.pdf,Income
2025-12-12,Trupanion trupanion.comWA,-126.1,January 08.pdf,Insurance
2025-12-13,COSTCO WHSE #0002 PORTLAND OR,-144.43,January 08.pdf,Grocery
2025-12-15,Zelle payment to Fara Castaneda Conf# qcnwg27ky,-1400.0,eStmt_2026-01-07.pdf,Transfer
2025-12-16,COSTCO WHSE #1086 CAMAS WA,-4.33,January 08.pdf,Grocery
2025-12-16,COSTCO WHSE #1086 CAMAS WA,-63.53,January 08.pdf,Grocery
2025-12-16,JPMORGAN CHASE DES:CHASE ACH ID:4031382707 INDN:NIKHIL NILAKANTAN CO,-1405.22,eStmt_2026-01-07.pdf,Credit Card Payment
2025-12-16,T-MOBILE DES:PCS SVC ID:5563417 INDN:NIKHIL NILAKANTAN CO ID:0000450304,-187.0,eStmt_2026-01-07.pdf,Telephone / Internet
2025-12-19,COSTCO GAS #1086 CAMAS WA,-49.07,January 08.pdf,Utilities
2025-12-19,IRS PTIN FEE PAYMENT 877-613-7846 VA,-18.75,January 08.pdf,Subscriptions / Software
2025-12-19,LOGITECH INCORPO DES:PAYROLL ID:CER000644252808 INDN:Nikhil Nilakantan CO,4613.88,eStmt_2026-01-07.pdf,Income
2025-12-19,PAYPAL DES:TRANSFER ID:PAYPALCRYPTOHUB INDN:NIKHIL NILAKANTAN CO,-51.1,eStmt_2026-01-07.pdf,Transfer
2025-12-23,COV PARKING KITTY 360-487-8454 WA,-5.1,January 08.pdf,Shopping
2025-12-23,COLUMBIA CREDIT DES:TRANSFER ID:XXXX00 INDN:Nikhil Nilakantan CO ID:1910617775,-645.31,eStmt_2026-01-07.pdf,Transfer
2025-12-23,MY529 DES:INVESTMENT ID:19461441 INDN:NIKHIL NILAKANTAN CO ID:4870680188,-120.0,eStmt_2026-01-07.pdf,Education
2025-12-25,SAFEWAY FUEL1287 CAMAS WA,-33.06,January 08.pdf,Grocery
2025-12-26,1360,-100.0,eStmt_2026-01-07.pdf,Subscriptions / Software
2025-12-26,DIGITAL FEDERAL DES:P2P PYMTS ID:ANAND S BISHT INDN:Nikhil Nilakant CO,101.0,eStmt_2026-01-07.pdf,Transfer
2025-12-26,Zelle payment to Fara Castaneda Conf# k4e3itnm3,-1400.0,eStmt_2026-01-07.pdf,Transfer
2025-12-28,DOCKSIDE CHARTERS DEPOE BAY OR,-125.0,January 08.pdf,Shopping
2025-12-28,FRED M FUEL #9464 Q76 FLORENCE OR,-38.92,January 08.pdf,Fuel
2025-12-30,COMENITY PAY BH DES:WEB PYMT ID:P25363539331825 INDN:ROHINI KISHAN CO,-286.57,eStmt_2026-01-07.pdf,Credit Card Payment
2026-01-01,CITY OF WASHOUGAL UTWASHOUGAL WA,-275.53,AMEX_2026_YTD.xlsx,Utilities
2026-01-01,PROPAY RESIDENTIAL RRaleigh NC,-103.25,AMEX_2026_YTD.xlsx,HOA
2026-01-01,PROPAY RESIDENTIAL RRaleigh NC,-309.75,AMEX_2026_YTD.xlsx,HOA
2026-01-02,APPLE.COM/BILL INTERNET CHARGE CA,-0.99,AMEX_2026_YTD.xlsx,Subscriptions / Software
2026-01-02,TST* SALT AND STRAW VANCOUVER WA,-24.9,AMEX_2026_YTD.xlsx,Restaurants
2026-01-02,LOGITECH INCORPO DES:PAYROLL ID:CER000648793860 INDN:Nikhil Nilakantan CO,4234.29,eStmt_2026-01-07.pdf,Income
2026-01-02,UNITEDWHOLESALE DES:LOAN PAYMT ID:0205937576 INDN:NIKHIL NILAKANTAN CO,-2291.9,eStmt_2026-01-07.pdf,Mortgage
2026-01-03,APPLE.COM/BILL INTERNET CHARGE CA,-1.07,AMEX_2026_YTD.xlsx,Subscriptions / Software
2026-01-03,ROSTE CHOCOLATE HOUSPortland OR,-38.12,AMEX_2026_YTD.xlsx,Restaurants
2026-01-03,PORTLAND PARKING KITTY 503-2785410 OR,-6.6,January 08.pdf,Uncategorized
2026-01-04,Billdesk*AMAZON MUM IN,-14.85,AMEX_2026_YTD.xlsx,Shopping
2026-01-04,DIRECT TRAVEL SAN JOSE CA,-3.0,AMEX_2026_YTD.xlsx,Uncategorized
2026-01-04,DIRECT TRAVEL SAN JOSE CA,-726.8,AMEX_2026_YTD.xlsx,Uncategorized
2026-01-04,MOBILE PAYMENT - THANK YOU,1784.35,AMEX_2026_YTD.xlsx,Uncategorized
2026-01-04,ROSTE CHOCOLATE HOUSPortland OR,-46.0,AMEX_2026_YTD.xlsx,Uncategorized
2026-01-04,TST* LA PROVENCE - VVANCOUVER WA,-72.75,AMEX_2026_YTD.xlsx,Restaurants
2026-01-05,WALMART.COM WALMART.COM AR,-1517.92,AMEX_2026_YTD.xlsx,Shopping
2026-01-05,AMERICAN EXPRESS DES:ACH PMT ID:M3852 INDN:NIKHIL NILAKANTAN CO,-1784.35,eStmt_2026-01-07.pdf,Credit Card Payment
2026-01-05,CITI CARD ONLINE DES:PAYMENT ID:431898301669850 INDN:NIKHIL NILAKANTAN CO,-1111.3,eStmt_2026-01-07.pdf,Credit Card Payment
2026-01-05,GRANITE HIGHLAND DES:Assn Dues ID:62277389 INDN:Nikhil Nilakantan CO,-65.0,eStmt_2026-01-07.pdf,HOA
2026-01-05,JPMORGAN CHASE DES:CHASE ACH ID:4031382707 INDN:NIKHIL NILAKANTAN CO,-1405.21,eStmt_2026-01-07.pdf,Credit Card Payment
2026-01-05,NORTHWESTERN MU DES:ISA PYMENT ID:1327537 INDN:NIKHIL NILAKANTAN CO,-231.84,eStmt_2026-01-07.pdf,Insurance
2026-01-05,Zelle payment from ROHINI KISHAN Conf# i0suf6hh3,3000.0,eStmt_2026-01-07.pdf,Transfer
2026-01-05,"Zelle payment to LEARNING ADVENTURES INC. for ""Isai Nikhil January2026""; Conf# of58nwtay",-1507.0,eStmt_2026-01-07.pdf,Daycare / Nanny
2026-01-06,CHEWY.COM (800)672-4399 FL,-237.51,AMEX_2026_YTD.xlsx,Uncategorized
2026-01-06,CLARK PUBLIC UTILITIVANCOUVER WA,-72.31,AMEX_2026_YTD.xlsx,Utilities
2026-01-06,GOOGLE *GOOGLE ONE G.CO/HELPPAY# CA,-19.99,AMEX_2026_YTD.xlsx,Subscriptions / Software
2026-01-06,GOTOTOP LTD*AASTROLIAGIOS ATHANASIOS CY,-19.99,AMEX_2026_YTD.xlsx,Subscriptions / Software
2026-01-06,AMERICAN HERITAG DES:EFT DEBIT ID:52DT366830 INDN:NIKHIL NILAKANTAN CO,-10.36,eStmt_2026-01-07.pdf,Insurance
2026-01-07,HOMEWOOD SUITES SAN SAN JOSE CA,-210.08,AMEX_2026_YTD.xlsx,Travel
2026-01-07,PY *POINTE PEST CONTFORSYTH MO,-130.2,AMEX_2026_YTD.xlsx,Subscriptions / Software
2026-01-07,COSTCO GAS #1086 CAMAS WA,-39.47,January 08.pdf,Utilities
2026-01-07,Interest Earned,0.03,eStmt_2026-01-07.pdf,Income
2026-01-08,CHEWY.COM (800)672-4399 FL,-134.52,AMEX_2026_YTD.xlsx,Subscriptions / Software
2026-01-08,GOOGLE *GOOGLE STORE855-836-3987 CA,-975.42,AMEX_2026_YTD.xlsx,Subscriptions / Software
2026-01-08,VIRASAT INDIAN CUISICamas WA,-72.25,AMEX_2026_YTD.xlsx,Restaurants
2026-01-08,WALMART.COM WALMART.COM AR,-107.42,AMEX_2026_YTD.xlsx,Shopping
2026-01-09,ALASKA AIRLINES SEATTLE WA,-646.8,AMEX_2026_YTD.xlsx,Travel
2026-01-09,GOOGLE *GOOGLE STORE855-836-3987 CA,-159.64,AMEX_2026_YTD.xlsx,Subscriptions / Software
2026-01-09,Platinum Walmart+ Credit,14.05,AMEX_2026_YTD.xlsx,Shopping
2026-01-09,WMT PLUS Jan 2026 028009666546 AR,-14.05,AMEX_2026_YTD.xlsx,Subscriptions / Software
2026-01-10,AplPay RITUAL (RITUALOS ANGELES CA,-71.62,AMEX_2026_YTD.xlsx,Subscriptions / Software
2026-01-10,PORTLAND GRAND CENTRPortland OR,-61.2,AMEX_2026_YTD.xlsx,Restaurants
2026-01-10,UNDETECTABLE SHERIDAN WY,-20.62,AMEX_2026_YTD.xlsx,Subscriptions / Software
2026-01-11,6851515 - HOPWORKS BPORTLAND OR,-35.93,AMEX_2026_YTD.xlsx,Restaurants
2026-01-11,APPLE.COM/BILL INTERNET CHARGE CA,-19.5,AMEX_2026_YTD.xlsx,Subscriptions / Software
2026-01-11,Southwest Airlines DALLAS TX,-35.0,AMEX_2026_YTD.xlsx,Travel
2026-01-11,TST* TILLAMOOK MARKEPORTLAMD OR,-9.76,AMEX_2026_YTD.xlsx,Restaurants
2026-01-11,ZIPLY FIBER INTERNET866-699-4759 WA,-65.0,AMEX_2026_YTD.xlsx,Utilities
2026-01-11,COSTCO WHSE #1086 CAMAS WA $131.89 Total Earned:,-25.59,February 09.pdf,Grocery
2026-01-12,TST* BURMA CHOICE 00SAN JOSE CA,-80.65,AMEX_2026_YTD.xlsx,Restaurants
2026-01-12,UBER,-50.65,AMEX_2026_YTD.xlsx,Travel
2026-01-12,UBER,-104.19,AMEX_2026_YTD.xlsx,Travel
2026-01-12,Trupanion trupanion.comWA,-126.1,February 09.pdf,Insurance
2026-01-12,NORTHWEST NATURA DES:BILLPAY ID:NW NATURAL 8004 INDN:NIKHIL NILAKANTAN CO,-175.72,eStmt_2026-02-04.pdf,Utilities
2026-01-12,PRIMUS REALTY DES:ACH ID:919-491-4431 INDN:NIKHIL NILAKANTAN CO,1969.0,eStmt_2026-02-04.pdf,Income
2026-01-13,Southwest Airlines DALLAS TX,-35.0,AMEX_2026_YTD.xlsx,Travel
2026-01-13,UBER,-35.92,AMEX_2026_YTD.xlsx,Travel
2026-01-13,1361,-100.0,eStmt_2026-02-04.pdf,Subscriptions / Software
2026-01-14,AplPay BT*DD *DOORDASAN FRANCISCO CA,-54.58,AMEX_2026_YTD.xlsx,Restaurants
2026-01-14,MORNING LOBBY San Jose CA,-56.92,AMEX_2026_YTD.xlsx,Restaurants
2026-01-14,RENEWAL MEMBERSHIP FEE,-895.0,AMEX_2026_YTD.xlsx,Credit Card Payment
2026-01-14,Southwest Airlines DALLAS TX,-45.0,AMEX_2026_YTD.xlsx,Travel
2026-01-14,UBER,-15.96,AMEX_2026_YTD.xlsx,Travel
2026-01-14,UBER,-42.95,AMEX_2026_YTD.xlsx,Travel
2026-01-15,TST* MAC N CHEESE KISAN JOSE CA,-52.55,AMEX_2026_YTD.xlsx,Restaurants
2026-01-15,UBER,-42.34,AMEX_2026_YTD.xlsx,Travel
2026-01-15,UBER,-64.88,AMEX_2026_YTD.xlsx,Travel
2026-01-15,WOOF AND TUMBLE WASHOUGAL WA,-180.0,AMEX_2026_YTD.xlsx,Travel
2026-01-16,SUMMIT ANIMAL HOSPITCAMAS WA,-85.85,AMEX_2026_YTD.xlsx,Insurance
2026-01-16,JPMORGAN CHASE DES:CHASE ACH ID:4031382707 INDN:NIKHIL NILAKANTAN CO,-1405.22,eStmt_2026-02-04.pdf,Credit Card Payment
2026-01-16,LOGITECH INCORPO DES:PAYROLL ID:CER000654045112 INDN:Nikhil Nilakantan CO,4234.28,eStmt_2026-02-04.pdf,Income
2026-01-17,FAMILY ANIMAL SERVICPORTLAND OR,-520.0,AMEX_2026_YTD.xlsx,Insurance
2026-01-17,Platinum Uber One Credit,7.99,AMEX_2026_YTD.xlsx,Travel
2026-01-17,SAFEWAY #1287 1287 CAMAS WA,-16.28,AMEX_2026_YTD.xlsx,Grocery
2026-01-17,SUMMIT ANIMAL HOSPITCAMAS WA,-126.25,AMEX_2026_YTD.xlsx,Insurance
2026-01-17,TST* HOPS N DROPS - VANCOUVER WA,-109.04,AMEX_2026_YTD.xlsx,Restaurants
2026-01-17,UBER ONE help.uber.com CA,-7.99,AMEX_2026_YTD.xlsx,Travel
2026-01-18,AplPay RITUAL (RITUALOS ANGELES CA,-35.81,AMEX_2026_YTD.xlsx,Subscriptions / Software
2026-01-18,CHEWY.COM (800)672-4399 FL,372.03,AMEX_2026_YTD.xlsx,Subscriptions / Software
2026-01-18,CHEWY.COM (800)672-4399 FL,133.5,AMEX_2026_YTD.xlsx,Subscriptions / Software
2026-01-18,SP THUMA SAN FRANCISCO CA,-2989.18,AMEX_2026_YTD.xlsx,Uncategorized
2026-01-18,Trupanion trupanion.comWA,101.69,February 09.pdf,Uncategorized
2026-01-19,Five Guys 1089 Vancouver,-16.6,AMEX_2026_YTD.xlsx,Uncategorized
2026-01-19,GOOGLE *YOUTUBEPREMI G.CO/HELPPAY# CA,-24.95,AMEX_2026_YTD.xlsx,Subscriptions / Software
2026-01-19,Platinum Digital Entertainment Credit,24.95,AMEX_2026_YTD.xlsx,Uncategorized
2026-01-19,THE HOME DEPOT VANCOUVER WA,-32.6,AMEX_2026_YTD.xlsx,Shopping
2026-01-19,COSTCO GAS #0002 PORTLAND OR,-42.84,February 09.pdf,Utilities
2026-01-19,COSTCO WHSE #0002 PORTLAND OR,54.11,February 09.pdf,Grocery
2026-01-20,GOTOTOP LTD*AASTROLIAGIOS ATHANASIOS CY,-19.99,AMEX_2026_YTD.xlsx,Uncategorized
2026-01-20,MYSUBARU SUBSCRIPTIO800-782-2783 NJ,-4.95,AMEX_2026_YTD.xlsx,Uncategorized
2026-01-20,PAYPAL DES:TRANSFER ID:PAYPALCRYPTOHUB INDN:NIKHIL NILAKANTAN CO,-51.1,eStmt_2026-02-04.pdf,Transfer
2026-01-20,T-MOBILE DES:PCS SVC ID:6012038 INDN:NIKHIL NILAKANTAN CO ID:0000450304,-187.0,eStmt_2026-02-04.pdf,Telephone / Internet
2026-01-21,SAFEWAY #1287 1287 CAMAS WA,-20.06,AMEX_2026_YTD.xlsx,Grocery
2026-01-21,COLUMBIA CREDIT DES:TRANSFER ID:XXXX00 INDN:Nikhil Nilakantan CO ID:1910617775,-645.31,eStmt_2026-02-04.pdf,Transfer
2026-01-21,MY529 DES:INVESTMENT ID:19647814 INDN:NIKHIL NILAKANTAN CO ID:4870680188,-120.0,eStmt_2026-02-04.pdf,Education
2026-01-22,Adobe Inc 800-8336687 CA,-14.09,February 09.pdf,Subscriptions / Software
2026-01-23,GOOGLE *ROYAL KINGDO G.CO/HELPPAY# CA,-2.16,AMEX_2026_YTD.xlsx,Subscriptions / Software
2026-01-23,Zelle payment to Fara Castaneda Conf# os793ea6g,-1400.0,eStmt_2026-02-04.pdf,Transfer
2026-01-24,GREEN DOG PET SUPPLYPORTLAND OR,107.97,AMEX_2026_YTD.xlsx,Uncategorized
2026-01-24,KINBOSHI RAMEN PORTLAND OR,-16.8,AMEX_2026_YTD.xlsx,Uncategorized
2026-01-24,KINBOSHI RAMEN PORTLAND OR,-68.75,AMEX_2026_YTD.xlsx,Uncategorized
2026-01-24,PORTLAND PARKING KITTY 503-2785410 OR,-4.6,February 09.pdf,Uncategorized
2026-01-25,99 RANCH MARKET #169PORTLAND OR,-54.3,AMEX_2026_YTD.xlsx,Uncategorized
2026-01-25,APPLE.COM/BILL INTERNET CHARGE CA,-2.99,AMEX_2026_YTD.xlsx,Subscriptions / Software
2026-01-25,APPLE.COM/BILL INTERNET CHARGE CA,-8.67,AMEX_2026_YTD.xlsx,Subscriptions / Software
2026-01-25,KLM ELMSFORD,-484.7,AMEX_2026_YTD.xlsx,Travel
2026-01-25,KLM ELMSFORD,-618.7,AMEX_2026_YTD.xlsx,Travel
2026-01-25,THE ALLEY PORTLAND PORTLAND OR,-8.58,AMEX_2026_YTD.xlsx,Uncategorized
2026-01-25,THE UPS STORE 5948 WASHOUGAL WA,-50.0,AMEX_2026_YTD.xlsx,Uncategorized
2026-01-25,COSTCO WHSE #0002 PORTLAND OR,-88.0,February 09.pdf,Grocery
2026-01-26,GOOGLE *CARNIVAL TYC G.CO/HELPPAY# CA,-5.41,AMEX_2026_YTD.xlsx,Subscriptions / Software
2026-01-26,Zelle payment to LEARNING ADVENTURES INC. Conf# pxvikarhb,-1507.0,eStmt_2026-02-04.pdf,Daycare / Nanny
2026-01-27,THAI BLOOM 1816 NE 3CAMAS WA,-64.13,AMEX_2026_YTD.xlsx,Restaurants
2026-01-27,COSTCO GAS #1086 CAMAS WA,-48.69,February 09.pdf,Utilities
2026-01-27,"ONLINE PAYMENT, THANK YOU",1776.18,February 09.pdf,Credit Card Payment
2026-01-28,GOOGLE *ROYAL KINGDO G.CO/HELPPAY# CA,-2.16,AMEX_2026_YTD.xlsx,Subscriptions / Software
2026-01-28,CHASE CREDIT CRD DES:EPAY ID:9074877698 INDN:NIKHIL NILAKANTAN CO,-625.35,eStmt_2026-02-04.pdf,Fuel
2026-01-28,CITI CARD ONLINE DES:PAYMENT ID:421920215574676 INDN:NIKHIL NILAKANTAN CO,-1776.18,eStmt_2026-02-04.pdf,Fuel
2026-01-28,DIGITAL FEDERAL DES:P2P PYMTS ID:ANAND S BISHT INDN:Nikhil Nilakant CO,101.0,eStmt_2026-02-04.pdf,Transfer
2026-01-29,FEDEX36165135 FedEx MEMPHIS TN,-101.35,AMEX_2026_YTD.xlsx,Uncategorized
2026-01-29,SAFEWAY #1287 1287 CAMAS WA,-28.54,AMEX_2026_YTD.xlsx,Grocery
2026-01-30,LOGITECH INCORPO DES:PAYROLL ID:CER000658660496 INDN:Nikhil Nilakantan CO,4234.29,eStmt_2026-02-04.pdf,Income
2026-01-31,2LEVY AT OMZ PORTLAND OR,-55.78,AMEX_2026_YTD.xlsx,Uncategorized
2026-01-31,OREGON ZOO PORTLAND OR,-88.0,AMEX_2026_YTD.xlsx,Uncategorized
2026-02-01,MYSTERY PIX AT THE OPortland OR,-40.0,AMEX_2026_YTD.xlsx,Uncategorized
2026-02-01,PROPAY RESIDENTIAL RRaleigh NC,-103.25,AMEX_2026_YTD.xlsx,Uncategorized
2026-02-01,TRADER JOE S #144 00PORTLAND OR,-170.61,AMEX_2026_YTD.xlsx,Grocery
2026-02-01,COSTCO WHSE #0009 ALOHA OR,-303.66,February 09.pdf,Grocery
2026-02-01,COSTCO WHSE #0692 HILLSBORO OR,17.99,February 09.pdf,Grocery
2026-02-02,APPLE.COM/BILL INTERNET CHARGE CA,-0.99,AMEX_2026_YTD.xlsx,Subscriptions / Software
2026-02-02,UNITEDWHOLESALE DES:LOAN PAYMT ID:0205937576 INDN:NIKHIL NILAKANTAN CO,-2291.9,eStmt_2026-02-04.pdf,Mortgage
2026-02-03,GOOGLE *GOOGLE STORE855-836-3987 CA,254.98,AMEX_2026_YTD.xlsx,Subscriptions / Software
2026-02-03,GOTOTOP LTD*AASTROLIAGIOS ATHANASIOS CY,-19.99,AMEX_2026_YTD.xlsx,Uncategorized
2026-02-03,KLM WASHINGTON,-59.3,AMEX_2026_YTD.xlsx,Travel
2026-02-03,KLM WASHINGTON,-102.38,AMEX_2026_YTD.xlsx,Travel
2026-02-03,BKOFAMERICA ATM 02/03 #000006425 WITHDRWL SE 192ND VANCOUVER WA,-200.0,eStmt_2026-02-04.pdf,Uncategorized
2026-02-03,GRANITE HIGHLAND DES:Assn Dues ID:63505750 INDN:Nikhil Nilakantan CO,-65.0,eStmt_2026-02-04.pdf,HOA
2026-02-03,JPMORGAN CHASE DES:CHASE ACH ID:4031382707 INDN:NIKHIL NILAKANTAN CO,-1405.21,eStmt_2026-02-04.pdf,Credit Card Payment
2026-02-03,NORTHWESTERN MU DES:ISA PYMENT ID:1327537 INDN:NIKHIL NILAKANTAN CO,-231.84,eStmt_2026-02-04.pdf,Insurance
2026-02-04,GOOGLE *GOOGLE STORE855-836-3987 CA,75.95,AMEX_2026_YTD.xlsx,Subscriptions / Software
2026-02-04,SA BAI THAI CUISINE PORTLAND OR,-58.8,AMEX_2026_YTD.xlsx,Restaurants
2026-02-04,AMERICAN HERITAG DES:EFT DEBIT ID:52DT366830 INDN:NIKHIL NILAKANTAN CO,-10.36,eStmt_2026-02-04.pdf,Insurance
2026-02-04,Interest Earned,0.03,eStmt_2026-02-04.pdf,Income
2026-02-05,DIRECT TRAVEL SAN JOSE CA,-3.0,AMEX_2026_YTD.xlsx,Uncategorized
2026-02-06,BLUEBIRD GRAIN FARMSWINTHROP WA,-25.52,AMEX_2026_YTD.xlsx,Uncategorized
2026-02-06,CATHAY PACIFIC AIRLISAN FRANCISCO CA,-559.76,AMEX_2026_YTD.xlsx,Uncategorized
2026-02-06,CATHAY PACIFIC AIRWASAN FRANCISCO CA,-94.6,AMEX_2026_YTD.xlsx,Uncategorized
2026-02-06,SPO*WYLDPINES 000001CAMAS WA,-187.78,AMEX_2026_YTD.xlsx,Uncategorized
2026-02-06,STACK 571 BURGER & WVANCOUVER WA,-80.71,AMEX_2026_YTD.xlsx,Uncategorized
2026-02-06,"LOGITECH INC DES:749132 ID:1914124 INDN:NILAKANTAN, NIKHIL CO ID:4942810519",1482.6,eStmt_2026-03-09.pdf,Uncategorized
2026-02-06,PRIMUS REALTY DES:ACH ID:919-491-4431 INDN:NIKHIL NILAKANTAN CO,1969.0,eStmt_2026-03-09.pdf,Income
2026-02-07,INDIA SUPERMARKET 03BEAVERTON OR,-98.07,AMEX_2026_YTD.xlsx,Grocery
2026-02-07,MOBILE PAYMENT - THANK YOU,23089.13,AMEX_2026_YTD.xlsx,Uncategorized
2026-02-07,TRADER JOE S #144 00PORTLAND OR,-73.03,AMEX_2026_YTD.xlsx,Grocery
2026-02-07,TST* SALT AND STRAW VANCOUVER WA,-21.5,AMEX_2026_YTD.xlsx,Restaurants
2026-02-07,COSTCO WHSE #0692 HILLSBORO OR,16.99,February 09.pdf,Grocery
2026-02-07,COSTCO WHSE #0692 HILLSBORO OR,-3.98,February 09.pdf,Grocery
2026-02-07,COSTCO WHSE #0692 HILLSBORO OR,-158.93,February 09.pdf,Grocery
2026-02-07,COV PARKING KITTY 360-487-8454 WA,-6.6,February 09.pdf,Uncategorized
2026-02-08,CAMAS WASHOUGAL GROCCAMAS WA,-33.86,AMEX_2026_YTD.xlsx,Uncategorized
2026-02-08,GOOGLE *ROYAL KINGDO G.CO/HELPPAY# CA,-1.08,AMEX_2026_YTD.xlsx,Subscriptions / Software
2026-02-09,AplPay RITUAL (RITUALOS ANGELES CA,-71.62,AMEX_2026_YTD.xlsx,Uncategorized
2026-02-09,PEACOCK NEW YORK CITY NY,-11.92,AMEX_2026_YTD.xlsx,Uncategorized
2026-02-09,Platinum Digital Entertainment Credit,11.92,AMEX_2026_YTD.xlsx,Uncategorized
2026-02-09,cca*Bata India LimitGurgoan IN,-51.36,AMEX_2026_YTD.xlsx,Uncategorized
2026-02-09,AMERICAN EXPRESS DES:ACH PMT ID:M9818 INDN:NIKHIL NILAKANTAN CO,-23089.13,eStmt_2026-03-09.pdf,Credit Card Payment
2026-02-09,Online Banking transfer from SAV 6084 Confirmation# 5349321432,22000.0,eStmt_2026-03-09.pdf,Transfer
2026-02-09,Safebox Rental,-233.0,eStmt_2026-03-09.pdf,Uncategorized
2026-02-10,CLARK PUBLIC UTILITIVANCOUVER WA,-69.06,AMEX_2026_YTD.xlsx,Uncategorized
2026-02-10,GOOGLE *ROYAL KINGDO G.CO/HELPPAY# CA,-2.16,AMEX_2026_YTD.xlsx,Subscriptions / Software
2026-02-10,Platinum Walmart+ Credit,14.05,AMEX_2026_YTD.xlsx,Shopping
2026-02-10,UNDETECTABLE SHERIDAN WY,-20.62,AMEX_2026_YTD.xlsx,Uncategorized
2026-02-10,VIRASAT INDIAN CUISICamas WA,-65.56,AMEX_2026_YTD.xlsx,Uncategorized
2026-02-10,WALMART+ MEMBER 02/2WALMART.COM AR,-14.05,AMEX_2026_YTD.xlsx,Shopping
2026-02-11,GOOGLE *VOICE G.CO/HELPPAY# CA,-50.0,AMEX_2026_YTD.xlsx,Subscriptions / Software
2026-02-11,ZIPLY FIBER INTERNET866-699-4759 WA,-65.0,AMEX_2026_YTD.xlsx,Uncategorized
2026-02-11,"ONLINE PAYMENT, THANK YOU",839.16,March 09-1.pdf,Credit Card Payment
2026-02-11,"ONLINE PAYMENT, THANK YOU",839.16,March 09.pdf,Credit Card Payment
2026-02-12,CITI CARD ONLINE DES:PAYMENT ID:431933238320841 INDN:NIKHIL NILAKANTAN CO,-839.16,eStmt_2026-03-09.pdf,Credit Card Payment
2026-02-12,"LOGITECH INC DES:749778 ID:1915831 INDN:NILAKANTAN, NIKHIL CO ID:4942810519",187.78,eStmt_2026-03-09.pdf,Uncategorized
2026-02-13,VAGARO_*LIL' SNIPPERVANCOUVER WA,-32.5,AMEX_2026_YTD.xlsx,Uncategorized
2026-02-13,COSTCO GAS #0002 PORTLAND OR,-43.07,March 09-1.pdf,Utilities
2026-02-13,COSTCO WHSE #0002 PORTLAND OR,-79.28,March 09-1.pdf,Grocery
2026-02-13,COSTCO GAS #0002 PORTLAND OR,-43.07,March 09.pdf,Utilities
2026-02-13,COSTCO WHSE #0002 PORTLAND OR,-79.28,March 09.pdf,Grocery
2026-02-13,LOGITECH INCORPO DES:PAYROLL ID:CER000663902560 INDN:Nikhil Nilakantan CO,4234.29,eStmt_2026-03-09.pdf,Income
2026-02-13,LOGITECH INCORPO DES:PAYROLL ID:CER000663902561 INDN:Nikhil Nilakantan CO,417.26,eStmt_2026-03-09.pdf,Income
2026-02-13,NORTHWEST NATURA DES:BILLPAY ID:NW NATURAL 8004 INDN:NIKHIL NILAKANTAN CO,-241.0,eStmt_2026-03-09.pdf,Utilities
2026-02-14,TST* NICHOLAS RESTAUGRESHAM OR,-134.2,AMEX_2026_YTD.xlsx,Restaurants
2026-02-15,COSTCO WHSE #1086 CAMAS WA,66.55,March 09-1.pdf,Grocery
2026-02-15,COSTCO WHSE #1086 CAMAS WA,-19.14,March 09-1.pdf,Grocery
2026-02-15,COSTCO WHSE #1086 CAMAS WA,66.55,March 09.pdf,Grocery
2026-02-15,COSTCO WHSE #1086 CAMAS WA,-19.14,March 09.pdf,Grocery
2026-02-16,CAMAS WASHOUGAL GROCCAMAS WA,-45.55,AMEX_2026_YTD.xlsx,Uncategorized
2026-02-16,CANON DIRECT MELVILLE NY,-1.3,AMEX_2026_YTD.xlsx,Uncategorized
2026-02-16,MIGHTY MUNCH CURRY PCAMAS WA,-106.03,AMEX_2026_YTD.xlsx,Uncategorized
2026-02-17,AplPay RITUAL (RITUALOS ANGELES CA,-71.62,AMEX_2026_YTD.xlsx,Uncategorized
2026-02-17,GOTOTOP LTD*AASTROLIAGIOS ATHANASIOS CY,-19.99,AMEX_2026_YTD.xlsx,Uncategorized
2026-02-17,Platinum Uber One Credit,7.99,AMEX_2026_YTD.xlsx,Travel
2026-02-17,UBER ONE help.uber.com CA,-7.99,AMEX_2026_YTD.xlsx,Travel
2026-02-17,T-MOBILE DES:PCS SVC ID:6002750 INDN:NIKHIL NILAKANTAN CO ID:0000450304,-187.0,eStmt_2026-03-09.pdf,Telephone / Internet
2026-02-18,APPLE.COM/BILL INTERNET CHARGE CA,-2.16,AMEX_2026_YTD.xlsx,Subscriptions / Software
2026-02-18,COSTCO WHSE #1086 CAMAS WA,-43.44,March 09-1.pdf,Grocery
2026-02-18,COSTCO WHSE #1086 CAMAS WA,-43.44,March 09.pdf,Grocery
2026-02-18,JPMORGAN CHASE DES:CHASE ACH ID:4031382707 INDN:NIKHIL NILAKANTAN CO,-1405.22,eStmt_2026-03-09.pdf,Credit Card Payment
2026-02-19,GOOGLE *YOUTUBEPREMI G.CO/HELPPAY# CA,-24.95,AMEX_2026_YTD.xlsx,Subscriptions / Software
2026-02-19,Platinum Digital Entertainment Credit,13.08,AMEX_2026_YTD.xlsx,Uncategorized
2026-02-19,PAYPAL DES:TRANSFER ID:PAYPALCRYPTOHUB INDN:NIKHIL NILAKANTAN CO,-51.1,eStmt_2026-03-09.pdf,Transfer
2026-02-20,MYSUBARU SUBSCRIPTIO800-782-2783 NJ,-4.95,AMEX_2026_YTD.xlsx,Uncategorized
2026-02-20,Zelle payment to Fara Castaneda Conf# rcelk42h0,-1400.0,eStmt_2026-03-09.pdf,Transfer
2026-02-21,GOOGLE *ROYAL KINGDO G.CO/HELPPAY# CA,-1.08,AMEX_2026_YTD.xlsx,Subscriptions / Software
2026-02-21,THAI BLOOM 1816 NE 3CAMAS WA,-61.73,AMEX_2026_YTD.xlsx,Restaurants
2026-02-22,CAMAS WASHOUGAL GROCCAMAS WA,-89.38,AMEX_2026_YTD.xlsx,Uncategorized
2026-02-22,Adobe Inc San Jose CA,-14.09,March 09-1.pdf,Subscriptions / Software
2026-02-22,Adobe Inc San Jose CA,-14.09,March 09.pdf,Subscriptions / Software
2026-02-23,Billdesk*AMAZON MUM IN,-99.22,AMEX_2026_YTD.xlsx,Shopping
2026-02-23,CHASE CREDIT CRD DES:EPAY ID:9143353495 INDN:NIKHIL NILAKANTAN CO,-96.76,eStmt_2026-03-09.pdf,Credit Card Payment
2026-02-23,COLUMBIA CREDIT DES:TRANSFER ID:XXXX00 INDN:Nikhil Nilakantan CO ID:1910617775,-645.31,eStmt_2026-03-09.pdf,Transfer
2026-02-23,MY529 DES:INVESTMENT ID:19833065 INDN:NIKHIL NILAKANTAN CO ID:4870680188,-120.0,eStmt_2026-03-09.pdf,Education
2026-02-24,COSTCO WHSE #1086 CAMAS WA,-102.41,March 09-1.pdf,Grocery
2026-02-24,COSTCO WHSE #1086 CAMAS WA,-102.41,March 09.pdf,Grocery
2026-02-25,APPLE.COM/BILL INTERNET CHARGE CA,-2.99,AMEX_2026_YTD.xlsx,Subscriptions / Software
2026-02-25,Poppins Payroll DES:2026-02-24 ID: INDN:Nikhil Nilakantan CO ID:9994387377 CCD PMT,-12.0,eStmt_2026-03-09.pdf,Income
2026-02-25,Zelle payment to LEARNING ADVENTURES INC. Conf# b4rnn4bgm,-1707.0,eStmt_2026-03-09.pdf,Daycare / Nanny
2026-02-26,GOOGLE *ROYAL KINGDO G.CO/HELPPAY# CA,-2.16,AMEX_2026_YTD.xlsx,Subscriptions / Software
2026-02-27,NYX=SMARTECARTE CARTHUNT VALLEY MD,-7.0,AMEX_2026_YTD.xlsx,Uncategorized
2026-02-27,PDX POOR YOURNWTRAVEPORTLAND OR,-6.18,AMEX_2026_YTD.xlsx,Uncategorized
2026-02-27,TST* BLUE STAR DONUTPORTLAND OR,-25.26,AMEX_2026_YTD.xlsx,Restaurants
2026-02-27,UBER,-77.43,AMEX_2026_YTD.xlsx,Travel
2026-02-27,SIZZLE PIE PORTLAND OR,-12.39,March 09-1.pdf,Uncategorized
2026-02-27,SIZZLE PIE PORTLAND OR,-12.39,March 09.pdf,Uncategorized
2026-02-27,LOGITECH INCORPO DES:PAYROLL ID:CER000668990629 INDN:Nikhil Nilakantan CO,4234.29,eStmt_2026-03-09.pdf,Income
2026-02-28,APPLE.COM/BILL INTERNET CHARGE CA,-16.26,AMEX_2026_YTD.xlsx,Subscriptions / Software
2026-02-28,HMSHOST SCHIPHOL AIRSCHIPHOL NL,-23.3,AMEX_2026_YTD.xlsx,Uncategorized
2026-02-28,HMSHOST SCHIPHOL AIRSCHIPHOL NL,-28.38,AMEX_2026_YTD.xlsx,Uncategorized
2026-02-28,Shop 152 - Fine FoodAV Schiphol NL,-38.96,AMEX_2026_YTD.xlsx,Uncategorized
2026-03-01,BAGGAGE WRAPPING 1 2BANGALORE KA,-17.6,AMEX_2026_YTD.xlsx,Uncategorized
2026-03-01,CITY OF WASHOUGAL UTWASHOUGAL WA,-265.56,AMEX_2026_YTD.xlsx,Uncategorized
2026-03-01,CTI CABTRIPS INDIA 562149 KA,-43.99,AMEX_2026_YTD.xlsx,Uncategorized
2026-03-01,CTR 7290849512 BANGALORE IN,-7.76,AMEX_2026_YTD.xlsx,Uncategorized
2026-03-01,PROPAY RESIDENTIAL RRaleigh NC,-103.25,AMEX_2026_YTD.xlsx,Uncategorized
2026-03-02,AXIS BANK*VIJAY ASSOBANGALORE KA,-143.18,AMEX_2026_YTD.xlsx,Uncategorized
2026-03-02,GOOGLE *ROYAL KINGDO G.CO/HELPPAY# CA,-2.16,AMEX_2026_YTD.xlsx,Subscriptions / Software
2026-03-02,MOBILE PAYMENT - THANK YOU,821.92,AMEX_2026_YTD.xlsx,Uncategorized
2026-03-02,DIGITAL FEDERAL DES:P2P PYMTS ID:ANAND S BISHT INDN:Nikhil Nilakant CO,101.0,eStmt_2026-03-09.pdf,Transfer
2026-03-02,Poppins Payroll DES:2026-03-01 ID: INDN:Nikhil Nilakantan CO ID:9994387377 PPD PMT,-49.0,eStmt_2026-03-09.pdf,Income
2026-03-02,UNITEDWHOLESALE DES:LOAN PAYMT ID:0205937576 INDN:NIKHIL NILAKANTAN CO,-2291.9,eStmt_2026-03-09.pdf,Mortgage
2026-03-03,BURMAN HOSPITALITY PBANGALORE KA,-3.44,AMEX_2026_YTD.xlsx,Healthcare
2026-03-03,GOTOTOP LTD*AASTROLIAGIOS ATHANASIOS CY,-19.99,AMEX_2026_YTD.xlsx,Uncategorized
2026-03-03,RBL*GOPALAN ENTERPRIBANGALORE KA,-2.19,AMEX_2026_YTD.xlsx,Uncategorized
2026-03-03,Razorpay*LIGHT & CRABengaluru IN,-77.53,AMEX_2026_YTD.xlsx,Uncategorized
2026-03-03,UBERBV AMSTERDAM NL,-1.09,AMEX_2026_YTD.xlsx,Travel
2026-03-03,UBERBV AMSTERDAM NL,-3.45,AMEX_2026_YTD.xlsx,Travel
2026-03-03,UBERBV AMSTERDAM NL,-4.91,AMEX_2026_YTD.xlsx,Travel
2026-03-03,AMERICAN EXPRESS DES:ACH PMT ID:M2092 INDN:NIKHIL NILAKANTAN CO,-821.92,eStmt_2026-03-09.pdf,Credit Card Payment
2026-03-03,GRANITE HIGHLAND DES:Assn Dues ID:64359933 INDN:Nikhil Nilakantan CO,-65.0,eStmt_2026-03-09.pdf,HOA
2026-03-03,JPMORGAN CHASE DES:CHASE ACH ID:4031382707 INDN:NIKHIL NILAKANTAN CO,-1405.21,eStmt_2026-03-09.pdf,Credit Card Payment
2026-03-03,NORTHWESTERN MU DES:ISA PYMENT ID:1327537 INDN:NIKHIL NILAKANTAN CO,-231.84,eStmt_2026-03-09.pdf,Insurance
2026-03-04,ARTPORT DOMESTIC 045BANGALORE KA,-13.1,AMEX_2026_YTD.xlsx,Uncategorized
2026-03-04,HMS Host Services InBANGALORE IN,-3.97,AMEX_2026_YTD.xlsx,Uncategorized
2026-03-04,HMS Host Services InBANGALORE IN,-26.75,AMEX_2026_YTD.xlsx,Uncategorized
2026-03-04,UBERBV AMSTERDAM NL,-16.52,AMEX_2026_YTD.xlsx,Travel
2026-03-04,UBERBV AMSTERDAM NL,-22.8,AMEX_2026_YTD.xlsx,Travel
2026-03-04,STATE FARM INSURANCE 800-956-6310 IL,-142.08,March 09-1.pdf,Insurance
2026-03-04,STATE FARM INSURANCE 800-956-6310 IL,-142.08,March 09.pdf,Insurance
2026-03-04,AMERICAN HERITAG DES:EFT DEBIT ID:52DT366830 INDN:NIKHIL NILAKANTAN CO,-10.36,eStmt_2026-03-09.pdf,Insurance
2026-03-06,PAYU*Swiggy Limited Bangalore IN,-20.79,AMEX_2026_YTD.xlsx,Uncategorized
2026-03-06,UBERBV AMSTERDAM NL,-1.1,AMEX_2026_YTD.xlsx,Travel
2026-03-06,UBERBV AMSTERDAM NL,-2.19,AMEX_2026_YTD.xlsx,Travel
2026-03-06,UBERBV AMSTERDAM NL,-16.12,AMEX_2026_YTD.xlsx,Travel
2026-03-06,UBERBV AMSTERDAM NL,-20.58,AMEX_2026_YTD.xlsx,Travel
2026-03-07,FLOHEALTH.COM WILMINGTON DE,-14.99,AMEX_2026_YTD.xlsx,Uncategorized
2026-03-07,RAZORPAY*Swiggy Bangalore IN,-8.13,AMEX_2026_YTD.xlsx,Uncategorized
2026-03-07,UBERBV AMSTERDAM NL,-3.29,AMEX_2026_YTD.xlsx,Travel
2026-03-07,UBERBV AMSTERDAM NL,-4.11,AMEX_2026_YTD.xlsx,Travel
2026-03-07,VENNILA CLOTHING COMBANGALORE KA,-45.77,AMEX_2026_YTD.xlsx,Uncategorized
2026-03-08,Coffee Bean & Tea LeBANGALORE IN,-11.56,AMEX_2026_YTD.xlsx,Uncategorized
2026-03-08,UBERBV AMSTERDAM NL,-0.55,AMEX_2026_YTD.xlsx,Travel
2026-03-08,UBERBV AMSTERDAM NL,-2.45,AMEX_2026_YTD.xlsx,Travel
2026-03-08,UBERBV AMSTERDAM NL,-2.84,AMEX_2026_YTD.xlsx,Travel
2026-03-08,UBERBV AMSTERDAM NL,-3.13,AMEX_2026_YTD.xlsx,Travel
2026-03-08,UBERBV AMSTERDAM NL,-7.65,AMEX_2026_YTD.xlsx,Travel
2026-03-09,Billdesk*AMAZON MUM IN,-22.75,AMEX_2026_YTD.xlsx,Shopping
2026-03-09,GOOGLE *ROYAL KINGDO G.CO/HELPPAY# CA,-1.08,AMEX_2026_YTD.xlsx,Subscriptions / Software
2026-03-09,PEACOCK NEW YORK CITY NY,-11.92,AMEX_2026_YTD.xlsx,Uncategorized
2026-03-09,Platinum Digital Entertainment Credit,11.92,AMEX_2026_YTD.xlsx,Uncategorized
2026-03-09,Platinum Walmart+ Credit,14.05,AMEX_2026_YTD.xlsx,Shopping
2026-03-09,TMHS CATHAY PACIFIC BONN DE,-9.95,AMEX_2026_YTD.xlsx,Uncategorized
2026-03-09,UBER TRIP HTTPS://HELP.UBER.COTW,-15.69,AMEX_2026_YTD.xlsx,Travel
2026-03-09,UBER TRIP HTTPS://HELP.UBER.COTW,-120.46,AMEX_2026_YTD.xlsx,Travel
2026-03-09,Walmart+ Member 03/28009666546 AR,-14.05,AMEX_2026_YTD.xlsx,Shopping
2026-03-09,Interest Earned,0.03,eStmt_2026-03-09.pdf,Income
2026-03-11,AplPay RITUAL (RITUALOS ANGELES CA,-71.62,AMEX_2026_YTD.xlsx,Uncategorized
2026-03-11,CLARK PUBLIC UTILITIVANCOUVER WA,-63.84,AMEX_2026_YTD.xlsx,Uncategorized
2026-03-11,MALABAR GOLD AND DIABANGALORE KA,-3052.14,AMEX_2026_YTD.xlsx,Uncategorized
2026-03-12,GOOGLE *ROYAL KINGDO G.CO/HELPPAY# CA,-2.16,AMEX_2026_YTD.xlsx,Subscriptions / Software
2026-03-12,PRIMUS REALTY DES:ACH ID:919-491-4431 INDN:NIKHIL NILAKANTAN CO,1969.0,eStmt_2026-04-08.pdf,Income
2026-03-13,Billdesk*AMAZON MUM IN,-15.44,AMEX_2026_YTD.xlsx,Shopping
2026-03-13,Cashfree*Swiggy Bangalore IN,-17.77,AMEX_2026_YTD.xlsx,Uncategorized
2026-03-13,KPAY*CCCCCC_SELECT 0HONG KONG HK,-22.75,AMEX_2026_YTD.xlsx,Uncategorized
2026-03-13,Le Meridien TaichungTAICHUNG CITY,-1146.33,AMEX_2026_YTD.xlsx,Uncategorized
2026-03-13,SHEN HENG CHANG 0024TAOYUAN CITY,-243.52,AMEX_2026_YTD.xlsx,Uncategorized
2026-03-13,SHIN DUNG YANG 01667TAOYUAN CITY,-34.54,AMEX_2026_YTD.xlsx,Uncategorized
2026-03-13,SHIN DUNG YANG 01667TAOYUAN CITY,-47.1,AMEX_2026_YTD.xlsx,Uncategorized
2026-03-13,SHIN DUNG YANG 01696TAOYUAN CITY,-31.18,AMEX_2026_YTD.xlsx,Uncategorized
2026-03-13,TMHS CATHAY PACIFIC BONN DE,-9.95,AMEX_2026_YTD.xlsx,Uncategorized
2026-03-13,TRAVELWELL HKGT19 00HONG KONG HK,-21.21,AMEX_2026_YTD.xlsx,Uncategorized
2026-03-13,UBER TRIP HTTPS://HELP.UBER.COTW,-58.19,AMEX_2026_YTD.xlsx,Travel
2026-03-13,UBER TRIP HTTPS://HELP.UBER.COTW,-94.02,AMEX_2026_YTD.xlsx,Travel
2026-03-13,UBERBV AMSTERDAM NL,-16.41,AMEX_2026_YTD.xlsx,Travel
2026-03-13,cca*Bata India LimitGurgoan IN,11.94,AMEX_2026_YTD.xlsx,Uncategorized
2026-03-13,LOGITECH INCORPO DES:PAYROLL ID:CER000674019414 INDN:Nikhil Nilakantan CO,4234.28,eStmt_2026-04-08.pdf,Income
2026-03-14,BOMBAY BRASSERIE 1 BANGALORE KA,-111.14,AMEX_2026_YTD.xlsx,Uncategorized
2026-03-14,SUBWAY 7292395993 BANGALORE IN,-1.08,AMEX_2026_YTD.xlsx,Uncategorized
2026-03-14,SUBWAY 7292395993 BANGALORE IN,-4.61,AMEX_2026_YTD.xlsx,Uncategorized
2026-03-14,UBERBV AMSTERDAM NL,-1.03,AMEX_2026_YTD.xlsx,Travel
2026-03-14,ZIPLY FIBER INTERNET866-699-4759 WA,-65.0,AMEX_2026_YTD.xlsx,Uncategorized
2026-03-15,PAYU*Swiggy Limited Bangalore IN,-10.42,AMEX_2026_YTD.xlsx,Uncategorized
2026-03-15,UBERBV AMSTERDAM NL,-1.03,AMEX_2026_YTD.xlsx,Travel
2026-03-15,UBERBV AMSTERDAM NL,-2.11,AMEX_2026_YTD.xlsx,Travel
2026-03-15,UBERBV AMSTERDAM NL,-5.18,AMEX_2026_YTD.xlsx,Travel
2026-03-16,Billdesk*AMAZON MUM IN,-26.06,AMEX_2026_YTD.xlsx,Shopping
2026-03-16,Billdesk*AMAZON MUM IN,-36.52,AMEX_2026_YTD.xlsx,Shopping
2026-03-16,CANON DIRECT MELVILLE NY,-8.46,AMEX_2026_YTD.xlsx,Uncategorized
2026-03-16,PAYU*Swiggy Limited Bangalore IN,-6.91,AMEX_2026_YTD.xlsx,Uncategorized
2026-03-16,UBERBV AMSTERDAM NL,-1.03,AMEX_2026_YTD.xlsx,Travel
2026-03-16,UBERBV AMSTERDAM NL,-3.21,AMEX_2026_YTD.xlsx,Travel
2026-03-16,JPMORGAN CHASE DES:CHASE ACH ID:4031382707 INDN:NIKHIL NILAKANTAN CO,-1405.22,eStmt_2026-04-08.pdf,Credit Card Payment
2026-03-16,NORTHWEST NATURA DES:BILLPAY ID:NW NATURAL 8004 INDN:NIKHIL NILAKANTAN CO,-182.16,eStmt_2026-04-08.pdf,Utilities
2026-03-16,T-MOBILE DES:PCS SVC ID:5784025 INDN:NIKHIL NILAKANTAN CO ID:0000450304,-187.0,eStmt_2026-04-08.pdf,Telephone / Internet
2026-03-17,GOTOTOP LTD*AASTROLIAGIOS ATHANASIOS CY,-19.99,AMEX_2026_YTD.xlsx,Uncategorized
2026-03-17,ITC GRAND CENTRAL MUMBAI MA,-492.83,AMEX_2026_YTD.xlsx,Uncategorized
2026-03-17,Platinum Uber One Credit,7.99,AMEX_2026_YTD.xlsx,Travel
2026-03-17,UBER ONE help.uber.com CA,-7.99,AMEX_2026_YTD.xlsx,Travel
2026-03-17,UBERBV AMSTERDAM NL,-24.21,AMEX_2026_YTD.xlsx,Travel
2026-03-18,UBERBV AMSTERDAM NL,-0.54,AMEX_2026_YTD.xlsx,Travel
2026-03-18,UBERBV AMSTERDAM NL,-2.86,AMEX_2026_YTD.xlsx,Travel
2026-03-18,UBERBV AMSTERDAM NL,-3.03,AMEX_2026_YTD.xlsx,Travel
2026-03-18,UBERBV AMSTERDAM NL,-4.67,AMEX_2026_YTD.xlsx,Travel
2026-03-18,UBERBV AMSTERDAM NL,-10.02,AMEX_2026_YTD.xlsx,Travel
2026-03-18,cca*Bata India LimitGurgoan IN,-11.9,AMEX_2026_YTD.xlsx,Uncategorized
2026-03-19,APPLE.COM/BILL INTERNET CHARGE CA,-18.42,AMEX_2026_YTD.xlsx,Subscriptions / Software
2026-03-19,AplPay RITUAL (RITUALOS ANGELES CA,-71.62,AMEX_2026_YTD.xlsx,Uncategorized
2026-03-19,Billdesk*AMAZON MUM IN,-18.75,AMEX_2026_YTD.xlsx,Shopping
2026-03-19,GOOGLE *CARNIVAL TYC G.CO/HELPPAY# CA,-3.25,AMEX_2026_YTD.xlsx,Subscriptions / Software
2026-03-19,GOOGLE *YOUTUBEPREMI G.CO/HELPPAY# CA,-24.95,AMEX_2026_YTD.xlsx,Subscriptions / Software
2026-03-19,PayU*ADANI DIGITAL LAhmedabad IN,-5.18,AMEX_2026_YTD.xlsx,Uncategorized
2026-03-19,Platinum Digital Entertainment Credit,13.08,AMEX_2026_YTD.xlsx,Uncategorized
2026-03-19,UBERBV AMSTERDAM NL,-5.67,AMEX_2026_YTD.xlsx,Travel
2026-03-19,PAYPAL DES:TRANSFER ID:PAYPALCRYPTOHUB INDN:NIKHIL NILAKANTAN CO,-51.1,eStmt_2026-04-08.pdf,Transfer
2026-03-20,MYSUBARU SUBSCRIPTIO800-782-2783 NJ,-4.95,AMEX_2026_YTD.xlsx,Uncategorized
2026-03-21,UBERBV AMSTERDAM NL,-5.04,AMEX_2026_YTD.xlsx,Travel
2026-03-22,GOOGLE *ROYAL KINGDO G.CO/HELPPAY# CA,-1.08,AMEX_2026_YTD.xlsx,Subscriptions / Software
2026-03-22,UBERBV AMSTERDAM NL,-0.54,AMEX_2026_YTD.xlsx,Travel
2026-03-22,UBERBV AMSTERDAM NL,-7.64,AMEX_2026_YTD.xlsx,Travel
2026-03-22,ARW Home 888-5088886 FL,-619.78,April 08.pdf,Uncategorized
2026-03-22,Adobe Inc 800-8336687 CA,-14.09,April 08.pdf,Subscriptions / Software
2026-03-23,Billdesk*AMAZON MUM IN,7.16,AMEX_2026_YTD.xlsx,Shopping
2026-03-23,Billdesk*AMAZON MUM IN,-7.72,AMEX_2026_YTD.xlsx,Shopping
2026-03-23,Billdesk*AMAZON MUM IN,-9.13,AMEX_2026_YTD.xlsx,Shopping
2026-03-23,Billdesk*AMAZON MUM IN,-13.92,AMEX_2026_YTD.xlsx,Shopping
2026-03-23,RAZORPAY*Swiggy Bangalore IN,-20.47,AMEX_2026_YTD.xlsx,Uncategorized
2026-03-23,COLUMBIA CREDIT DES:TRANSFER ID:XXXX00 INDN:Nikhil Nilakantan CO ID:1910617775,-645.31,eStmt_2026-04-08.pdf,Transfer
2026-03-23,MY529 DES:INVESTMENT ID:20015064 INDN:NIKHIL NILAKANTAN CO ID:4870680188,-120.0,eStmt_2026-04-08.pdf,Education
2026-03-24,RAZORPAY*Swiggy Bangalore IN,-6.46,AMEX_2026_YTD.xlsx,Uncategorized
2026-03-24,UBERBV AMSTERDAM NL,-3.15,AMEX_2026_YTD.xlsx,Travel
2026-03-24,UBERBV AMSTERDAM NL,-4.41,AMEX_2026_YTD.xlsx,Travel
2026-03-25,APPLE.COM/BILL INTERNET CHARGE CA,-2.99,AMEX_2026_YTD.xlsx,Subscriptions / Software
2026-03-25,SP THUMA SAN FRANCISCO CA,-314.65,AMEX_2026_YTD.xlsx,Uncategorized
2026-03-25,UBERBV AMSTERDAM NL,-6.27,AMEX_2026_YTD.xlsx,Travel
2026-03-26,CHASE CREDIT CRD DES:EPAY ID:9231097606 INDN:NIKHIL NILAKANTAN CO,-50.96,eStmt_2026-04-08.pdf,Fuel
2026-03-26,Zelle payment to LEARNING ADVENTURES INC. Conf# ojhya4q47,-1507.0,eStmt_2026-04-08.pdf,Daycare / Nanny
2026-03-27,HMSHOST SCHIPHOL AIRSCHIPHOL NL,-4.05,AMEX_2026_YTD.xlsx,Uncategorized
2026-03-27,HMSHOST SCHIPHOL AIRSCHIPHOL NL,-12.62,AMEX_2026_YTD.xlsx,Uncategorized
2026-03-27,Travel Retail Relay BANGALORE IN,-2.13,AMEX_2026_YTD.xlsx,Uncategorized
2026-03-27,UBER,-15.0,AMEX_2026_YTD.xlsx,Travel
2026-03-27,LOGITECH INCORPO DES:PAYROLL ID:CER000678828614 INDN:Nikhil Nilakantan CO,4234.29,eStmt_2026-04-08.pdf,Income
2026-03-28,AMADOR FARMS Vancouver WA,-27.0,AMEX_2026_YTD.xlsx,Uncategorized
2026-03-28,GglPay SAFEWAY #1287CAMAS WA,-13.23,AMEX_2026_YTD.xlsx,Grocery
2026-03-28,UBER,-111.79,AMEX_2026_YTD.xlsx,Travel
2026-03-28,COSTCO WHSE #0002 PORTLAND OR,-139.32,April 08.pdf,Grocery
2026-03-31,GOTOTOP LTD*AASTROLIAGIOS ATHANASIOS CY,-19.99,AMEX_2026_YTD.xlsx,Uncategorized
2026-03-31,STATE FARM INSURANCE 800-956-6310 IL,-142.08,April 08.pdf,Insurance
2026-04-01,PROPAY RESIDENTIAL RRaleigh NC,-103.25,AMEX_2026_YTD.xlsx,Uncategorized
2026-04-01,PROPAY RESIDENTIAL RRaleigh NC,-309.75,AMEX_2026_YTD.xlsx,Uncategorized
2026-04-01,QDOBA MEXICAN GRILL CAMAS WA,-17.35,AMEX_2026_YTD.xlsx,Restaurants
2026-04-01,WALMART.COM 80092562BENTONVILLE AR,-35.84,AMEX_2026_YTD.xlsx,Shopping
2026-04-01,"ONLINE PAYMENT, THANK YOU",1668.28,April 08.pdf,Credit Card Payment
2026-04-01,UNITEDWHOLESALE DES:LOAN PAYMT ID:0205937576 INDN:NIKHIL NILAKANTAN CO,-2291.9,eStmt_2026-04-08.pdf,Mortgage
2026-04-02,GOOGLE *ROYAL KINGDO G.CO/HELPPAY# CA,-2.16,AMEX_2026_YTD.xlsx,Subscriptions / Software
2026-04-02,WCI*WASTE CONNECTIONS 360-892-5370 WA,-88.16,April 08.pdf,Utilities
2026-04-02,CITI CARD ONLINE DES:PAYMENT ID:431975811453351 INDN:NIKHIL NILAKANTAN CO,-1668.28,eStmt_2026-04-08.pdf,Credit Card Payment
2026-04-02,GRANITE HIGHLAND DES:Assn Dues ID:65293005 INDN:Nikhil Nilakantan CO,-65.0,eStmt_2026-04-08.pdf,HOA
2026-04-02,NORTHWESTERN MU DES:ISA PYMENT ID:1327537 INDN:NIKHIL NILAKANTAN CO,-231.84,eStmt_2026-04-08.pdf,Insurance
2026-04-02,Poppins Payroll DES:2026-04-01 ID: INDN:Nikhil Nilakantan CO ID:9994387377 CCD PMT,-674.22,eStmt_2026-04-08.pdf,Income
2026-04-02,Poppins Payroll DES:2026-04-01 ID: INDN:Nikhil Nilakantan CO ID:9994387377 PPD PMT,-49.0,eStmt_2026-04-08.pdf,Income
2026-04-03,GOOGLE *PYDROID 3 ID G.CO/HELPPAY# CA,-32.54,AMEX_2026_YTD.xlsx,Subscriptions / Software
2026-04-03,GOOGLE *PYRAMIDE PYT G.CO/HELPPAY# CA,-7.59,AMEX_2026_YTD.xlsx,Subscriptions / Software
2026-04-03,Southwest Airlines DALLAS TX,-186.8,AMEX_2026_YTD.xlsx,Travel
2026-04-03,THE UPS STORE 5948 WASHOUGAL WA,-194.6,AMEX_2026_YTD.xlsx,Uncategorized
2026-04-03,AMERICAN HERITAG DES:EFT DEBIT ID:52DT366830 INDN:NIKHIL NILAKANTAN CO,-10.36,eStmt_2026-04-08.pdf,Insurance
2026-04-03,JPMORGAN CHASE DES:CHASE ACH ID:4031382707 INDN:NIKHIL NILAKANTAN CO,-1405.21,eStmt_2026-04-08.pdf,Credit Card Payment
2026-04-04,BAUTISTA FARMS Vancouver WA,-31.0,AMEX_2026_YTD.xlsx,Uncategorized
2026-04-04,INDIA SUPERMARKET 03BEAVERTON OR,-118.03,AMEX_2026_YTD.xlsx,Grocery
2026-04-04,JULIA BAKERY VANCOUVER WA,-6.0,AMEX_2026_YTD.xlsx,Restaurants
2026-04-04,OREGON ZOO PORTLAND OR,-175.0,AMEX_2026_YTD.xlsx,Uncategorized
2026-04-04,TST* KAFIEX ROASTERSVANCOUVER WA,-17.7,AMEX_2026_YTD.xlsx,Restaurants
2026-04-04,WALKING.YOGA NEWCASTLE DE,-15.99,AMEX_2026_YTD.xlsx,Uncategorized
2026-04-04,WY-COACHING NEWCASTLE DE,-39.99,AMEX_2026_YTD.xlsx,Uncategorized
2026-04-04,COSTCO WHSE #0692 HILLSBORO OR,18.96,April 08.pdf,Grocery
2026-04-04,COSTCO WHSE #0692 HILLSBORO OR,-205.04,April 08.pdf,Grocery
2026-04-04,COV PARKING PAYSTATION VANCOUVER WA,-3.5,April 08.pdf,Uncategorized
2026-04-05,TSUGAWA NURSERY GREENHOU360-2258750 WA,-107.77,April 08.pdf,Shopping
2026-04-06,THE UPS STORE 4547 CAMAS WA,-63.87,AMEX_2026_YTD.xlsx,Uncategorized
2026-04-06,COSTCO GAS #1086 CAMAS WA,-75.13,April 08.pdf,Utilities
2026-04-06,SAFEWAY #1287 CAMAS WA,-10.97,April 08.pdf,Grocery
2026-04-08,MOBILE PAYMENT - THANK YOU,8000.0,AMEX_2026_YTD.xlsx,Uncategorized
2026-04-08,AMERICAN EXPRESS DES:ACH PMT ID:M4914 INDN:NIKHIL NILAKANTAN CO,-8000.0,eStmt_2026-04-08.pdf,Credit Card Payment
2026-04-08,CHECKCARD 0406 WA LOT- SAFEWAY STORE # CAMAS WA 24445006097500625101079,-15.0,eStmt_2026-04-08.pdf,Grocery
2026-04-08,Interest Earned,0.03,eStmt_2026-04-08.pdf,Income
2026-04-08,Online Banking transfer from SAV 6084 Confirmation# 4566599553,8000.0,eStmt_2026-04-08.pdf,Transfer
2026-04-08,PRIMUS REALTY DES:ACH ID:919-491-4431 INDN:NIKHIL NILAKANTAN CO,1969.0,eStmt_2026-04-08.pdf,Income
2026-04-09,APPLE.COM/BILL INTERNET CHARGE CA,-2.17,AMEX_2026_YTD.xlsx,Subscriptions / Software
2026-04-09,PEACOCK NEW YORK CITY NY,-11.96,AMEX_2026_YTD.xlsx,Uncategorized
2026-04-09,PY *POINTE PEST CONTFORSYTH MO,-136.71,AMEX_2026_YTD.xlsx,Uncategorized
2026-04-09,Platinum Digital Entertainment Credit,11.96,AMEX_2026_YTD.xlsx,Uncategorized
2026-04-09,Platinum Walmart+ Credit,14.09,AMEX_2026_YTD.xlsx,Shopping
2026-04-09,Walmart+ Member 04/28009666546 AR,-14.09,AMEX_2026_YTD.xlsx,Shopping
2026-04-09,1362,-100.0,eStmt_2026-05-06.pdf,Uncategorized
2026-04-10,INTUIT *TURBOTAX 800-446-8848 CA,-372.09,AMEX_2026_YTD.xlsx,Uncategorized
2026-04-10,MOBILE PAYMENT - THANK YOU,945.0,AMEX_2026_YTD.xlsx,Uncategorized
2026-04-10,SERVICE FEE 00000000FRANKLIN TN,-35.01,AMEX_2026_YTD.xlsx,Uncategorized
2026-04-10,US TREAS TAX PYMT 00FRANKLIN TN,-1406.0,AMEX_2026_YTD.xlsx,Uncategorized
2026-04-10,SAFEWAY #1287 CAMAS WA,-9.59,May 08.pdf,Grocery
2026-04-10,AMERICAN EXPRESS DES:ACH PMT ID:M0930 INDN:NIKHIL NILAKANTAN CO,-945.0,eStmt_2026-05-06.pdf,Credit Card Payment
2026-04-10,"LOGITECH INC DES:761411 ID:1945900 INDN:NILAKANTAN, NIKHIL CO ID:4942810519",945.86,eStmt_2026-05-06.pdf,Fuel
2026-04-10,LOGITECH INCORPO DES:PAYROLL ID:CER000683697594 INDN:Nikhil Nilakantan CO,4234.29,eStmt_2026-05-06.pdf,Income
2026-04-10,Zelle payment to Fara Castaneda Conf# j7pqaw563,-1000.0,eStmt_2026-05-06.pdf,Transfer
2026-04-11,AplPay RITUAL (RITUALOS ANGELES CA,-71.82,AMEX_2026_YTD.xlsx,Uncategorized
2026-04-11,ZIPLY FIBER INTERNET866-699-4759 WA,-65.0,AMEX_2026_YTD.xlsx,Uncategorized
2026-04-11,ICP*Goldfish Swim School 360-9757655 WA,-115.0,May 08.pdf,Fuel
2026-04-11,TST*THE OBSERVATORY - NE Portland OR,-65.0,May 08.pdf,Restaurants
2026-04-12,PORT OF CASCADE LOCKCASCADE LOCKS OR,-3.0,AMEX_2026_YTD.xlsx,Uncategorized
2026-04-12,COSTCO WHSE #0002 PORTLAND OR,-3.98,May 08.pdf,Grocery
2026-04-12,COSTCO WHSE #0002 PORTLAND OR,-187.43,May 08.pdf,Grocery
2026-04-13,Online Banking transfer from SAV 6084 Confirmation# 5411440763,40000.0,eStmt_2026-05-06.pdf,Fuel
2026-04-14,CLARK PUBLIC UTILITIVANCOUVER WA,-38.87,AMEX_2026_YTD.xlsx,Uncategorized
2026-04-14,GOTOTOP LTD*AASTROLIAGIOS ATHANASIOS CY,-19.99,AMEX_2026_YTD.xlsx,Uncategorized
2026-04-14,SP KLEAN KANTEEN CHICO CA,-26.96,AMEX_2026_YTD.xlsx,Uncategorized
2026-04-14,COSTCO GAS #0002 PORTLAND OR,-69.24,May 08.pdf,Utilities
2026-04-14,Columbia Credit DES:CK-WTH ID: INDN:Nikhil Nilakantan CO ID:XXXXXXXXX TEL,-39044.83,eStmt_2026-05-06.pdf,Uncategorized
2026-04-14,NORTHWEST NATURA DES:BILLPAY ID:NW NATURAL 8004 INDN:NIKHIL NILAKANTAN CO,-150.32,eStmt_2026-05-06.pdf,Utilities
2026-04-15,SP EKSTER NEW YORK NY,-48.97,AMEX_2026_YTD.xlsx,Uncategorized
2026-04-16,CANON DIRECT MELVILLE NY,-1.09,AMEX_2026_YTD.xlsx,Uncategorized
2026-04-16,JPMORGAN CHASE DES:CHASE ACH ID:4031382707 INDN:NIKHIL NILAKANTAN CO,-1405.22,eStmt_2026-05-06.pdf,Credit Card Payment
2026-04-16,"LOGITECH INC DES:762973 ID:1950122 INDN:NILAKANTAN, NIKHIL CO ID:4942810519",1143.97,eStmt_2026-05-06.pdf,Fuel
2026-04-16,"OR REVENUE DEPT DES:ORSTTAXRFD ID:XXXXX4435 INDN:NILAKANTAN, NIKHIL & R CO",1189.0,eStmt_2026-05-06.pdf,Uncategorized
2026-04-16,T-MOBILE DES:PCS SVC ID:6367112 INDN:NIKHIL NILAKANTAN CO ID:0000450304,-188.04,eStmt_2026-05-06.pdf,Telephone / Internet
2026-04-17,Platinum Uber One Credit,9.99,AMEX_2026_YTD.xlsx,Travel
2026-04-17,SA BAI THAI CUISINE PORTLAND OR,-59.4,AMEX_2026_YTD.xlsx,Restaurants
2026-04-17,UBER ONE help.uber.com CA,-9.99,AMEX_2026_YTD.xlsx,Travel
2026-04-18,BAUTISTA FARMS Vancouver WA,-12.0,AMEX_2026_YTD.xlsx,Uncategorized
2026-04-18,JULIA BAKERY VANCOUVER WA,-12.0,AMEX_2026_YTD.xlsx,Restaurants
2026-04-18,MOBILE PAYMENT - THANK YOU,1143.97,AMEX_2026_YTD.xlsx,Uncategorized
2026-04-18,UBERBV AMSTERDAM NL,-9.64,AMEX_2026_YTD.xlsx,Travel
2026-04-18,ZIGGYPOP Vancouver WA,-10.0,AMEX_2026_YTD.xlsx,Uncategorized
2026-04-18,COSTCO WHSE #0002 PORTLAND OR,-1.99,May 08.pdf,Grocery
2026-04-18,COSTCO WHSE #0002 PORTLAND OR,-3.98,May 08.pdf,Grocery
2026-04-18,COSTCO WHSE #0002 PORTLAND OR,-158.84,May 08.pdf,Grocery
2026-04-18,COV PARKING PAYSTATION VANCOUVER WA,-3.5,May 08.pdf,Uncategorized
2026-04-19,AplPay RITUAL (RITUALOS ANGELES CA,-71.82,AMEX_2026_YTD.xlsx,Uncategorized
2026-04-19,GOOGLE *YOUTUBEPREMI G.CO/HELPPAY# CA,-24.95,AMEX_2026_YTD.xlsx,Subscriptions / Software
2026-04-19,Platinum Digital Entertainment Credit,13.04,AMEX_2026_YTD.xlsx,Uncategorized
2026-04-19,SAFEWAY #1287 1287 CAMAS WA,-42.99,AMEX_2026_YTD.xlsx,Grocery
2026-04-20,HOTELCOM734250007096HOTELS.COM WA,-555.68,AMEX_2026_YTD.xlsx,Travel
2026-04-20,MYSUBARU SUBSCRIPTIO800-782-2783 NJ,-4.95,AMEX_2026_YTD.xlsx,Uncategorized
2026-04-20,AMERICAN EXPRESS DES:ACH PMT ID:M3942 INDN:NIKHIL NILAKANTAN CO,-1143.97,eStmt_2026-05-06.pdf,Credit Card Payment
2026-04-20,PAYPAL DES:TRANSFER ID:PAYPALCRYPTOHUB INDN:NIKHIL NILAKANTAN CO,-51.1,eStmt_2026-05-06.pdf,Transfer
2026-04-21,WA VEHICLE LICENSINGOLYMPIA WA,-183.34,AMEX_2026_YTD.xlsx,Uncategorized
2026-04-21,COSTCO WHSE #1086 CAMAS WA,-107.65,May 08.pdf,Grocery
2026-04-21,MY529 DES:INVESTMENT ID:20197830 INDN:NIKHIL NILAKANTAN CO ID:4870680188,-120.0,eStmt_2026-05-06.pdf,Education
2026-04-22,Adobe Inc 800-8336687 CA,-14.13,May 08.pdf,Subscriptions / Software
2026-04-24,D34138332 PLANTATION FL,-49.5,AMEX_2026_YTD.xlsx,Uncategorized
2026-04-24,GROCERY OUTLET 530 OLINCOLN CITY OR,-11.79,AMEX_2026_YTD.xlsx,Grocery
2026-04-24,COSTCO GAS #1086 CAMAS WA,-70.25,May 08.pdf,Utilities
2026-04-24,CHASE CREDIT CRD DES:EPAY ID:9310267826 INDN:NIKHIL NILAKANTAN CO,-136.92,eStmt_2026-05-06.pdf,Credit Card Payment
2026-04-24,LOGITECH INCORPO DES:PAYROLL ID:CER000688769643 INDN:Nikhil Nilakantan CO,4234.28,eStmt_2026-05-06.pdf,Fuel
2026-04-25,APPLE.COM/BILL INTERNET CHARGE CA,-2.99,AMEX_2026_YTD.xlsx,Subscriptions / Software
2026-04-25,LEFT COAST COFFEE CODepoe Bay OR,-7.06,AMEX_2026_YTD.xlsx,Uncategorized
2026-04-25,SAFEWAY LINCOLN CITY OR,-10.3,AMEX_2026_YTD.xlsx,Grocery
2026-04-25,SP KNOCKYOURSOCKSOFFDEPOE BAY OR,-24.49,AMEX_2026_YTD.xlsx,Uncategorized
2026-04-25,THAI PORT RESTAURANTNEWPORT OR,-61.8,AMEX_2026_YTD.xlsx,Restaurants
2026-04-25,TST* TANAKA - BRIDGETIGARD OR,-30.6,AMEX_2026_YTD.xlsx,Restaurants
2026-04-25,TST* TANAKA - BRIDGETIGARD OR,-34.8,AMEX_2026_YTD.xlsx,Restaurants
2026-04-25,TST* THE LOCAL SCOOPNEWPORT OR,-27.45,AMEX_2026_YTD.xlsx,Restaurants
2026-04-26,CITY OF NEWPORT NEWPORT OR,-3.0,AMEX_2026_YTD.xlsx,Uncategorized
2026-04-26,DELISH ESPRESSO BAR Lincoln City OR,-11.46,AMEX_2026_YTD.xlsx,Uncategorized
2026-04-26,INDIA SUPERMARKET 03BEAVERTON OR,-82.57,AMEX_2026_YTD.xlsx,Grocery
2026-04-26,MO:MO ON THE WHEELS Lincoln City OR,-12.0,AMEX_2026_YTD.xlsx,Uncategorized
2026-04-26,OR STATE PARKS 00-00PORTLAND OR,-12.0,AMEX_2026_YTD.xlsx,Uncategorized
2026-04-26,TAQUERIA 101 6500000LINCOLN CITY OR,-24.0,AMEX_2026_YTD.xlsx,Uncategorized
2026-04-26,VIN & BRAU LLC LINCOLN CITY OR,-11.0,AMEX_2026_YTD.xlsx,Uncategorized
2026-04-26,COSTCO GAS #0692 HILLSBORO OR,-63.52,May 08.pdf,Utilities
2026-04-26,COSTCO WHSE #0692 HILLSBORO OR,-89.51,May 08.pdf,Grocery
2026-04-27,SCHOLASTIC BOOK FAIRLAKE MARY FL,-83.7,AMEX_2026_YTD.xlsx,Uncategorized
2026-04-27,Zelle payment to LEARNING ADVENTURES INC. Conf# q01n20nop,-1507.0,eStmt_2026-05-06.pdf,Daycare / Nanny
2026-04-28,APPLE.COM/BILL INTERNET CHARGE CA,-16.31,AMEX_2026_YTD.xlsx,Subscriptions / Software
2026-04-28,GOTOTOP LTD*AASTROLIAGIOS ATHANASIOS CY,-19.99,AMEX_2026_YTD.xlsx,Uncategorized
2026-04-28,UBER,-81.72,AMEX_2026_YTD.xlsx,Travel
2026-04-28,DIGITAL FEDERAL DES:P2P PYMTS ID:ANAND S BISHT INDN:Nikhil Nilakant CO,101.0,eStmt_2026-05-06.pdf,Transfer
2026-04-29,GglPay AIRGARAGE PARSAN FRANCISCO CA,-16.49,AMEX_2026_YTD.xlsx,Uncategorized
2026-04-29,UBER,-77.74,AMEX_2026_YTD.xlsx,Travel
2026-04-29,STATE FARM INSURANCE 800-956-6310 IL,-142.08,May 08.pdf,Insurance
2026-04-30,APPLE.COM/BILL INTERNET CHARGE CA,-38.07,AMEX_2026_YTD.xlsx,Subscriptions / Software
2026-04-30,GOOGLE *CARNIVAL TYC G.CO/HELPPAY# CA,-3.25,AMEX_2026_YTD.xlsx,Subscriptions / Software
2026-04-30,LECHON Portland OR,-200.68,AMEX_2026_YTD.xlsx,Uncategorized
2026-04-30,SAFEWAY #1287 1287 CAMAS WA,-27.26,AMEX_2026_YTD.xlsx,Grocery
2026-05-01,CITY OF WASHOUGAL UTWASHOUGAL WA,-257.28,AMEX_2026_YTD.xlsx,Uncategorized
2026-05-01,ICP*GOLDFISH SWIM SCVANCOUVER WA,-160.0,AMEX_2026_YTD.xlsx,Uncategorized
2026-05-01,PROPAY RESIDENTIAL RRaleigh NC,-103.25,AMEX_2026_YTD.xlsx,Uncategorized
2026-05-01,Southwest Airlines DALLAS TX,-35.0,AMEX_2026_YTD.xlsx,Travel
2026-05-01,UNITEDWHOLESALE DES:LOAN PAYMT ID:0205937576 INDN:NIKHIL NILAKANTAN CO,-2291.9,eStmt_2026-05-06.pdf,Mortgage
2026-05-02,"ADIDAS AMERICA, INC PORTLAND OR",-236.0,AMEX_2026_YTD.xlsx,Uncategorized
2026-05-02,CALLIOPE PDX AIRPORTPORTLAND OR,-20.49,AMEX_2026_YTD.xlsx,Uncategorized
2026-05-02,MOBILE PAYMENT - THANK YOU,2428.21,AMEX_2026_YTD.xlsx,Uncategorized
2026-05-02,NYX=SMARTECARTE CARTHUNT VALLEY MD,-6.0,AMEX_2026_YTD.xlsx,Uncategorized
2026-05-02,PDX POOR YOURNWTRAVEPORTLAND OR,-3.79,AMEX_2026_YTD.xlsx,Uncategorized
2026-05-02,PORTLAND AP CART/CHAPORTLAND OR,-7.0,AMEX_2026_YTD.xlsx,Uncategorized
2026-05-02,TST* BLUE STAR DONUTPORTLAND OR,-19.28,AMEX_2026_YTD.xlsx,Restaurants
2026-05-02,TST* NAMASTE INDIAN LOS GATOS CA,-131.23,AMEX_2026_YTD.xlsx,Restaurants
2026-05-02,UBER,-55.97,AMEX_2026_YTD.xlsx,Travel
2026-05-02,"ONLINE PAYMENT, THANK YOU",1719.38,May 08.pdf,Credit Card Payment
2026-05-03,5422 CAMDEN AVENUE 1SAN JOSE CA,-32.77,AMEX_2026_YTD.xlsx,Uncategorized
2026-05-03,GglPay LLAMAYU HARVESan Jose CA,-15.0,AMEX_2026_YTD.xlsx,Uncategorized
2026-05-03,PIZZA MY HEART 65000LOS GATOS CA,-5.77,AMEX_2026_YTD.xlsx,Restaurants
2026-05-03,PIZZA MY HEART 65000LOS GATOS CA,-59.74,AMEX_2026_YTD.xlsx,Restaurants
2026-05-03,R. FARMS San Jose CA,-46.8,AMEX_2026_YTD.xlsx,Grocery
2026-05-03,UBER,-25.19,AMEX_2026_YTD.xlsx,Travel
2026-05-03,UBER,-30.95,AMEX_2026_YTD.xlsx,Travel
2026-05-03,YEE YANG FARM San Jose CA,-13.0,AMEX_2026_YTD.xlsx,Grocery
2026-05-04,UBER,-51.19,AMEX_2026_YTD.xlsx,Travel
2026-05-04,UBER,-67.49,AMEX_2026_YTD.xlsx,Travel
2026-05-04,WY-COACHING NEWCASTLE DE,-99.99,AMEX_2026_YTD.xlsx,Uncategorized
2026-05-04,AMERICAN EXPRESS DES:ACH PMT ID:M5636 INDN:NIKHIL NILAKANTAN CO,-2428.21,eStmt_2026-05-06.pdf,Credit Card Payment
2026-05-04,CITI CARD ONLINE DES:PAYMENT ID:432002221034005 INDN:NIKHIL NILAKANTAN CO,-1719.38,eStmt_2026-05-06.pdf,Credit Card Payment
2026-05-04,GRANITE HIGHLAND DES:Assn Dues ID:66317140 INDN:Nikhil Nilakantan CO,-65.0,eStmt_2026-05-06.pdf,HOA
2026-05-04,JPMORGAN CHASE DES:CHASE ACH ID:4031382707 INDN:NIKHIL NILAKANTAN CO,-1405.21,eStmt_2026-05-06.pdf,Credit Card Payment
2026-05-04,NORTHWESTERN MU DES:ISA PYMENT ID:1327537 INDN:NIKHIL NILAKANTAN CO,-231.84,eStmt_2026-05-06.pdf,Insurance
2026-05-04,Poppins Payroll DES:2026-05-01 ID: INDN:Nikhil Nilakantan CO ID:9994387377 PPD PMT,-53.32,eStmt_2026-05-06.pdf,Income
2026-05-04,Zelle payment from ROHINI KISHAN Conf# hn025u0mb,2000.0,eStmt_2026-05-06.pdf,Transfer
2026-05-05,AAA WA MEMBERSHIP 01800-562-2582 WA,-115.0,AMEX_2026_YTD.xlsx,Uncategorized
2026-05-05,FIVE GUYS CA 1294 QSSAN JOSE CA,-15.07,AMEX_2026_YTD.xlsx,Uncategorized
2026-05-05,MICHAELS STORES 8701SAN JOSE CA,-28.01,AMEX_2026_YTD.xlsx,Uncategorized
2026-05-05,TRADER JOE S #063 00SAN JOSE CA,-8.27,AMEX_2026_YTD.xlsx,Grocery
2026-05-05,UBER,-52.5,AMEX_2026_YTD.xlsx,Travel
2026-05-05,AMERICAN HERITAG DES:EFT DEBIT ID:52DT366830 INDN:NIKHIL NILAKANTAN CO,-10.36,eStmt_2026-05-06.pdf,Insurance
2026-05-06,RING MULTI PLAN HAWTHORNE CA,-108.79,AMEX_2026_YTD.xlsx,Uncategorized
2026-05-06,UBER,-56.94,AMEX_2026_YTD.xlsx,Travel
2026-05-06,UBER,-58.94,AMEX_2026_YTD.xlsx,Travel
2026-05-06,Interest Earned,0.06,eStmt_2026-05-06.pdf,Income
2026-05-07,CLARK PUBLIC UTILITIVANCOUVER WA,-57.88,AMEX_2026_YTD.xlsx,Uncategorized
2026-05-07,UBER,-48.04,AMEX_2026_YTD.xlsx,Travel
2026-05-07,UBER,-56.94,AMEX_2026_YTD.xlsx,Travel
2026-05-08,Southwest Airlines DALLAS TX,-35.0,AMEX_2026_YTD.xlsx,Travel
2026-05-08,Southwest Airlines DALLAS TX,-45.0,AMEX_2026_YTD.xlsx,Travel
2026-05-08,UBER,-33.96,AMEX_2026_YTD.xlsx,Travel
2026-05-08,UBER,-46.96,AMEX_2026_YTD.xlsx,Travel
2026-05-08,WALKING.YOGA NEWCASTLE DE,-39.98,AMEX_2026_YTD.xlsx,Uncategorized
2026-05-08,LOGITECH INCORPO DES:PAYROLL ID:CER000693796658 INDN:Nikhil Nilakantan CO,4234.29,eStmt_2026-06-05.pdf,Income
2026-05-08,PRIMUS REALTY DES:ACH ID:919-491-4431 INDN:NIKHIL NILAKANTAN CO,1789.0,eStmt_2026-06-05.pdf,Income
2026-05-08,Zelle payment to Fara Castaneda Conf# p872nfy5b,-1000.0,eStmt_2026-06-05.pdf,Transfer
2026-05-09,"ETSY, INC. BROOKLYN NY",-31.77,AMEX_2026_YTD.xlsx,Uncategorized
2026-05-09,GOOGLE *CARNIVAL TYC G.CO/HELPPAY# CA,-3.25,AMEX_2026_YTD.xlsx,Subscriptions / Software
2026-05-09,NYX=SMARTECARTE CARTHUNT VALLEY MD,-7.0,AMEX_2026_YTD.xlsx,Uncategorized
2026-05-09,PDX AIRPORT PARKING PORTLAND OR,-240.0,AMEX_2026_YTD.xlsx,Uncategorized
2026-05-09,PEACOCK NEW YORK CITY NY,-11.96,AMEX_2026_YTD.xlsx,Uncategorized
2026-05-09,Platinum Digital Entertainment Credit,11.96,AMEX_2026_YTD.xlsx,Uncategorized
2026-05-09,Platinum Walmart+ Credit,14.09,AMEX_2026_YTD.xlsx,Shopping
2026-05-09,UBER,-39.06,AMEX_2026_YTD.xlsx,Travel
2026-05-09,Walmart+ Member 05/28009666546 AR,-14.09,AMEX_2026_YTD.xlsx,Shopping
2026-05-10,AMADOR FARMS YAKIMA WA,-18.0,AMEX_2026_YTD.xlsx,Uncategorized
2026-05-10,JULIA BAKERY VANCOUVER WA,-24.0,AMEX_2026_YTD.xlsx,Restaurants
2026-05-10,SABOR MEXICANO LLC Vancouver WA,-40.0,AMEX_2026_YTD.xlsx,Restaurants
2026-05-10,TST* TILLAMOOK MARKEPORTLAMD OR,-39.3,AMEX_2026_YTD.xlsx,Restaurants
2026-05-10,COSTCO WHSE #0002 PORTLAND OR,-263.84,June 08.pdf,Grocery
2026-05-11,A-1 BACKFLOWS Amboy WA,-40.0,AMEX_2026_YTD.xlsx,Uncategorized
2026-05-11,AplPay RITUAL (RITUALOS ANGELES CA,-71.82,AMEX_2026_YTD.xlsx,Uncategorized
2026-05-11,GOOGLE *ROYAL KINGDO G.CO/HELPPAY# CA,-1.08,AMEX_2026_YTD.xlsx,Subscriptions / Software
2026-05-11,COSTCO WHSE #1086 CAMAS WA,14.49,June 08.pdf,Grocery
2026-05-11,COSTCO WHSE #1086 CAMAS WA,-1.99,June 08.pdf,Grocery
2026-05-12,AASTROLINETODAY*AASTLIMASSOL CY,-19.99,AMEX_2026_YTD.xlsx,Uncategorized
2026-05-12,GOOGLE *CARNIVAL TYC G.CO/HELPPAY# CA,-3.25,AMEX_2026_YTD.xlsx,Subscriptions / Software
2026-05-12,ZIPLY FIBER INTERNET866-699-4759 WA,-100.0,AMEX_2026_YTD.xlsx,Uncategorized
2026-05-13,WWW.CIBT.COM WASHINGTON DC,-225.0,AMEX_2026_YTD.xlsx,Uncategorized
2026-05-13,NORTHWEST NATURA DES:BILLPAY ID:NW NATURAL 8004 INDN:NIKHIL NILAKANTAN CO,-127.13,eStmt_2026-06-05.pdf,Utilities
2026-05-15,GOOGLE *ROYAL KINGDO G.CO/HELPPAY# CA,-2.16,AMEX_2026_YTD.xlsx,Subscriptions / Software
2026-05-15,COSTCO GAS #1086 CAMAS WA,-82.65,June 08.pdf,Utilities
2026-05-16,GOOGLE *CARNIVAL TYC G.CO/HELPPAY# CA,-3.25,AMEX_2026_YTD.xlsx,Subscriptions / Software
2026-05-16,IN-N-OUT RIDGEFIELD RIDGEFIELD WA,-20.87,AMEX_2026_YTD.xlsx,Uncategorized
2026-05-16,PAYU*Swiggy Limited Bangalore IN,-5.22,AMEX_2026_YTD.xlsx,Uncategorized
2026-05-16,TST* KAFIEX ROASTERSVANCOUVER WA,-6.35,AMEX_2026_YTD.xlsx,Restaurants
2026-05-16,TSUGAWA NURSERY GREENHOU360-2258750 WA,-90.41,June 08.pdf,Shopping
2026-05-17,Platinum Uber One Credit,9.99,AMEX_2026_YTD.xlsx,Travel
2026-05-17,TST* SALT AND STRAW VANCOUVER WA,-20.22,AMEX_2026_YTD.xlsx,Restaurants
2026-05-17,UBER ONE help.uber.com CA,-9.99,AMEX_2026_YTD.xlsx,Travel
2026-05-17,WY-MINDWAY NEWCASTLE DE,-34.99,AMEX_2026_YTD.xlsx,Uncategorized
2026-05-17,COSTCO WHSE #0002 PORTLAND OR,-159.44,June 08.pdf,Grocery
2026-05-17,COV PARKING KITTY 360-487-8454 WA,-6.6,June 08.pdf,Uncategorized
2026-05-18,SAFEWAY #1287 1287 CAMAS WA,-13.25,AMEX_2026_YTD.xlsx,Grocery
2026-05-18,JPMORGAN CHASE DES:CHASE ACH ID:4031382707 INDN:NIKHIL NILAKANTAN CO,-1405.22,eStmt_2026-06-05.pdf,Credit Card Payment
2026-05-18,T-MOBILE DES:PCS SVC ID:6960189 INDN:NIKHIL NILAKANTAN CO ID:0000450304,-187.0,eStmt_2026-06-05.pdf,Telephone / Internet
2026-05-19,APPLE.COM/BILL INTERNET CHARGE CA,-18.48,AMEX_2026_YTD.xlsx,Subscriptions / Software
2026-05-19,AplPay RITUAL (RITUALOS ANGELES CA,-71.82,AMEX_2026_YTD.xlsx,Uncategorized
2026-05-19,GOOGLE *YOUTUBEPREMI G.CO/HELPPAY# CA,-29.3,AMEX_2026_YTD.xlsx,Subscriptions / Software
2026-05-19,Platinum Digital Entertainment Credit,13.04,AMEX_2026_YTD.xlsx,Uncategorized
2026-05-19,SA BAI THAI CUISINE PORTLAND OR,-63.6,AMEX_2026_YTD.xlsx,Restaurants
2026-05-19,PAYPAL DES:TRANSFER ID:PAYPALCRYPTOHUB INDN:NIKHIL NILAKANTAN CO,-51.1,eStmt_2026-06-05.pdf,Transfer
2026-05-20,MYSUBARU SUBSCRIPTIO800-782-2783 NJ,-4.95,AMEX_2026_YTD.xlsx,Uncategorized
2026-05-21,GOOGLE *CARNIVAL TYC G.CO/HELPPAY# CA,-3.25,AMEX_2026_YTD.xlsx,Subscriptions / Software
2026-05-21,COSTCO GAS #1086 CAMAS WA,-81.43,June 08.pdf,Utilities
2026-05-21,COSTCO WHSE #1086 CAMAS WA,10.99,June 08.pdf,Grocery
2026-05-21,COSTCO WHSE #1086 CAMAS WA,-4.33,June 08.pdf,Grocery
2026-05-21,COSTCO WHSE #1086 CAMAS WA,-36.48,June 08.pdf,Grocery
2026-05-21,MY529 DES:INVESTMENT ID:20385625 INDN:NIKHIL NILAKANTAN CO ID:4870680188,-120.0,eStmt_2026-06-05.pdf,Education
2026-05-22,MOBILE PAYMENT - THANK YOU,5265.62,AMEX_2026_YTD.xlsx,Uncategorized
2026-05-22,Adobe Inc San Jose CA,-14.13,June 08.pdf,Subscriptions / Software
2026-05-22,AMERICAN EXPRESS DES:ACH PMT ID:M4174 INDN:NIKHIL NILAKANTAN CO,-5265.62,eStmt_2026-06-05.pdf,Credit Card Payment
2026-05-22,"LOGITECH INC DES:770824 ID:1970878 INDN:NILAKANTAN, NIKHIL CO ID:4942810519",1429.82,eStmt_2026-06-05.pdf,Uncategorized
2026-05-22,LOGITECH INCORPO DES:PAYROLL ID:CER000698837709 INDN:Nikhil Nilakantan CO,4234.29,eStmt_2026-06-05.pdf,Income
2026-05-22,Zelle payment to Fara Castaneda Conf# mpephoxsg,-1000.0,eStmt_2026-06-05.pdf,Transfer
2026-05-23,AMADOR FARMS YAKIMA WA,-48.0,AMEX_2026_YTD.xlsx,Uncategorized
2026-05-23,INDIA SUPERMARKET 03BEAVERTON OR,-156.13,AMEX_2026_YTD.xlsx,Grocery
2026-05-23,INDIAN CONNECTION BEAVERTON OR,-39.96,AMEX_2026_YTD.xlsx,Uncategorized
2026-05-23,WWW.SOMAKOMBUCHA.COMPORTLAND OR,-1.0,AMEX_2026_YTD.xlsx,Uncategorized
2026-05-23,WWW.SOMAKOMBUCHA.COMPORTLAND OR,-10.0,AMEX_2026_YTD.xlsx,Uncategorized
2026-05-23,COSTCO WHSE #0692 HILLSBORO OR,-201.87,June 08.pdf,Grocery
2026-05-23,COV PARKING PAYSTATION VANCOUVER WA,-3.5,June 08.pdf,Uncategorized
2026-05-24,2LEVY AT OMZ PORTLAND OR,-12.0,AMEX_2026_YTD.xlsx,Uncategorized
2026-05-24,OREGON ZOO 000000594PORTLAND OR,-25.2,AMEX_2026_YTD.xlsx,Uncategorized
2026-05-24,TRADER JOE S #144 00PORTLAND OR,-68.36,AMEX_2026_YTD.xlsx,Grocery
2026-05-24,TST* LA PROVENCE - VVANCOUVER WA,-80.89,AMEX_2026_YTD.xlsx,Restaurants
2026-05-24,WASHINGTON PARK MOBILE 503-8652377 OR,-9.8,June 08.pdf,Uncategorized
2026-05-25,APPLE.COM/BILL INTERNET CHARGE CA,-2.99,AMEX_2026_YTD.xlsx,Subscriptions / Software
2026-05-26,GOOGLE *CARNIVAL TYC G.CO/HELPPAY# CA,-3.25,AMEX_2026_YTD.xlsx,Subscriptions / Software
2026-05-26,SAFEWAY #1287 1287 CAMAS WA,-9.06,AMEX_2026_YTD.xlsx,Grocery
2026-05-26,CHASE CREDIT CRD DES:EPAY ID:9397315588 INDN:NIKHIL NILAKANTAN CO,-213.96,eStmt_2026-06-05.pdf,Credit Card Payment
2026-05-26,Zelle payment to LEARNING ADVENTURES INC. Conf# jkr22tyqu,-1507.0,eStmt_2026-06-05.pdf,Daycare / Nanny
2026-05-27,GOOGLE *CARNIVAL TYC G.CO/HELPPAY# CA,-3.25,AMEX_2026_YTD.xlsx,Subscriptions / Software
2026-05-28,NATURAL GROCERS VE UVANCOUVER WA,-59.03,AMEX_2026_YTD.xlsx,Uncategorized
2026-05-28,COSTCO GAS #1086 CAMAS WA,-76.16,June 08.pdf,Utilities
2026-05-28,DIGITAL FEDERAL DES:P2P PYMTS ID:ANAND S BISHT INDN:Nikhil Nilakant CO,101.0,eStmt_2026-06-05.pdf,Transfer
2026-05-29,CITY OF PORTLAND DEPPORTLAND OR,-2.45,AMEX_2026_YTD.xlsx,Uncategorized
2026-05-29,WWW.CIBT.COM WASHINGTON DC,-885.07,AMEX_2026_YTD.xlsx,Uncategorized
2026-05-30,INDIA SUPERMARKET 03BEAVERTON OR,-118.94,AMEX_2026_YTD.xlsx,Grocery
2026-05-30,INDIAN CONNECTION BEAVERTON OR,-7.99,AMEX_2026_YTD.xlsx,Uncategorized
2026-05-30,INDIAN CONNECTION BEAVERTON OR,-13.73,AMEX_2026_YTD.xlsx,Uncategorized
2026-05-30,KATE'S ICE CREAM Portland OR,-24.38,AMEX_2026_YTD.xlsx,Uncategorized
2026-05-30,TAN SANG TROPICAL FRPORTLAND OR,-76.57,AMEX_2026_YTD.xlsx,Uncategorized
2026-05-30,TST* THE MATADOR - PPORTLAND OR,-123.22,AMEX_2026_YTD.xlsx,Restaurants
2026-05-30,COSTCO WHSE #0692 HILLSBORO OR,-172.25,June 08.pdf,Grocery
2026-05-30,STATE FARM INSURANCE 800-956-6310 IL,-142.08,June 08.pdf,Insurance
2026-05-31,GOOGLE *CARNIVAL TYC G.CO/HELPPAY# CA,-3.25,AMEX_2026_YTD.xlsx,Subscriptions / Software
2026-05-31,PORTLAND ES PORTLAND OR,-217.25,AMEX_2026_YTD.xlsx,Uncategorized
2026-06-01,ICP*GOLDFISH SWIM SCVANCOUVER WA,-160.0,AMEX_2026_YTD.xlsx,Uncategorized
2026-06-01,KLM WASHINGTON,-23.2,AMEX_2026_YTD.xlsx,Travel
2026-06-01,KLM WASHINGTON,-52.1,AMEX_2026_YTD.xlsx,Travel
2026-06-01,KLM WASHINGTON,-58.99,AMEX_2026_YTD.xlsx,Travel
2026-06-01,KLM WASHINGTON,-66.99,AMEX_2026_YTD.xlsx,Travel
2026-06-01,KLM WASHINGTON,-80.6,AMEX_2026_YTD.xlsx,Travel
2026-06-01,KLM WASHINGTON,-1665.89,AMEX_2026_YTD.xlsx,Travel
2026-06-01,PROPAY RESIDENTIAL RRaleigh NC,-103.25,AMEX_2026_YTD.xlsx,Uncategorized
2026-06-01,SAFEWAY #1287 1287 CAMAS WA,-8.37,AMEX_2026_YTD.xlsx,Grocery
2026-06-01,UNITEDWHOLESALE DES:LOAN PAYMT ID:0205937576 INDN:NIKHIL NILAKANTAN CO,-2291.9,eStmt_2026-06-05.pdf,Mortgage
2026-06-02,SAFEWAY #1287 1287 CAMAS WA,-3.19,AMEX_2026_YTD.xlsx,Grocery
2026-06-02,WCI*WASTE CONNECTIONS 360-892-5370 WA,-88.16,June 08.pdf,Utilities
2026-06-02,GRANITE HIGHLAND DES:Assn Dues ID:67124878 INDN:Nikhil Nilakantan CO,-65.0,eStmt_2026-06-05.pdf,HOA
2026-06-02,NORTHWESTERN MU DES:ISA PYMENT ID:1327537 INDN:NIKHIL NILAKANTAN CO,-231.84,eStmt_2026-06-05.pdf,Insurance
2026-06-02,Poppins Payroll DES:2026-06-01 ID: INDN:Nikhil Nilakantan CO ID:9994387377 CCD PMT,-1190.68,eStmt_2026-06-05.pdf,Income
2026-06-02,Poppins Payroll DES:2026-06-01 ID: INDN:Nikhil Nilakantan CO ID:9994387377 PPD PMT,-53.32,eStmt_2026-06-05.pdf,Income
2026-06-02,Zelle payment from ROHINI KISHAN Conf# esj25vqls,2000.0,eStmt_2026-06-05.pdf,Transfer
2026-06-03,GOOGLE *CARNIVAL TYC G.CO/HELPPAY# CA,-2.16,AMEX_2026_YTD.xlsx,Subscriptions / Software
2026-06-03,COSTCO GAS #1086 CAMAS WA,-74.81,June 08.pdf,Utilities
2026-06-03,1363,-100.0,eStmt_2026-06-05.pdf,Uncategorized
2026-06-03,AMERICAN HERITAG DES:EFT DEBIT ID:52DT366830 INDN:NIKHIL NILAKANTAN CO,-10.36,eStmt_2026-06-05.pdf,Insurance
2026-06-03,JPMORGAN CHASE DES:CHASE ACH ID:4031382707 INDN:NIKHIL NILAKANTAN CO,-1405.21,eStmt_2026-06-05.pdf,Credit Card Payment
2026-06-03,Zelle payment from ROHINI KISHAN Conf# bt7syspzl,1000.0,eStmt_2026-06-05.pdf,Transfer
2026-06-04,AYALA FARMS OUTLOOK WA,-10.0,AMEX_2026_YTD.xlsx,Grocery
2026-06-04,"FULTON FAMILY FARMS,West Linn OR",-6.0,AMEX_2026_YTD.xlsx,Grocery
2026-06-05,DICK HANNAH SUBARU 0VANCOUVER WA,-262.78,AMEX_2026_YTD.xlsx,Uncategorized
2026-06-05,GOOGLE *CARNIVAL TYC G.CO/HELPPAY# CA,-2.16,AMEX_2026_YTD.xlsx,Subscriptions / Software
2026-06-05,TST* THE WATERFRONT VANCOUVER WA,-135.94,AMEX_2026_YTD.xlsx,Restaurants
2026-06-05,Interest Earned,0.03,eStmt_2026-06-05.pdf,Income
2026-06-05,LOGITECH INCORPO DES:PAYROLL ID:CER000703737810 INDN:Nikhil Nilakantan CO,4234.29,eStmt_2026-06-05.pdf,Income
2026-06-05,Zelle payment to Fara Castaneda Conf# nn2lo5965,-1000.0,eStmt_2026-06-05.pdf,Transfer
2026-06-06,THE HOME DEPOT PORTLAND OR,-156.1,AMEX_2026_YTD.xlsx,Shopping
2026-06-06,COV PARKING KITTY 360-487-8454 WA,-1.73,June 08.pdf,Uncategorized
2026-06-07,CAMAS WASHOUGAL GROCCAMAS WA,-100.09,AMEX_2026_YTD.xlsx,Uncategorized
2026-06-07,GOOGLE *CARNIVAL TYC G.CO/HELPPAY# CA,-2.16,AMEX_2026_YTD.xlsx,Subscriptions / Software
2026-06-07,IKEA PORTLAND 028 PORTLAND OR,-90.83,AMEX_2026_YTD.xlsx,Uncategorized
2026-06-07,IKEA PORTLAND REST 0PORTLAND OR,-1.79,AMEX_2026_YTD.xlsx,Uncategorized
2026-06-07,THAI BLOOM 1816 NE 3CAMAS WA,-61.82,AMEX_2026_YTD.xlsx,Restaurants
2026-06-07,IKEA PORTLAND REST PORTLAND OR,-11.96,June 08.pdf,Uncategorized
2026-06-08,CLARK PUBLIC UTILITIVANCOUVER WA,-50.6,AMEX_2026_YTD.xlsx,Uncategorized
2026-06-08,GOOGLE *CARNIVAL TYC G.CO/HELPPAY# CA,-2.16,AMEX_2026_YTD.xlsx,Subscriptions / Software
2026-06-09,PEACOCK NEW YORK CITY NY,-11.96,AMEX_2026_YTD.xlsx,Uncategorized
2026-06-09,Platinum Digital Entertainment Credit,11.96,AMEX_2026_YTD.xlsx,Uncategorized
2026-06-09,Platinum Walmart+ Credit,14.09,AMEX_2026_YTD.xlsx,Shopping
2026-06-09,Walmart+ Member 06/28009666546 AR,-14.09,AMEX_2026_YTD.xlsx,Shopping
2026-06-09,COSTCO WHSE #1086 CAMAS WA,-80.29,July 08.pdf,Grocery
2026-06-09,CHASE CREDIT CRD DES:EPAY ID:9436250110 INDN:NIKHIL NILAKANTAN CO,-69.64,eStmt_2026-07-09.pdf,Credit Card Payment
2026-06-11,ZIPLY FIBER INTERNET866-699-4759 WA,-100.0,AMEX_2026_YTD.xlsx,Uncategorized
2026-06-11,"ONLINE PAYMENT, THANK YOU",1578.43,July 08.pdf,Credit Card Payment
2026-06-11,Duke Energy DES:DUKE PYMNT ID:910202376561 INDN:NIKHIL NILAKANTAN CO,-20.15,eStmt_2026-07-09.pdf,Fuel
2026-06-11,NORTHWEST NATURA DES:BILLPAY ID:NW NATURAL 8004 INDN:NIKHIL NILAKANTAN CO,-80.07,eStmt_2026-07-09.pdf,Utilities
2026-06-12,GOOGLE *CARNIVAL TYC G.CO/HELPPAY# CA,-3.25,AMEX_2026_YTD.xlsx,Subscriptions / Software
2026-06-12,KLM WASHINGTON,-368.4,AMEX_2026_YTD.xlsx,Travel
2026-06-12,RAZORPAY*Swiggy Bangalore IN,-8.66,AMEX_2026_YTD.xlsx,Uncategorized
2026-06-12,SP MISSHRI CERRITOS CA,-51.99,AMEX_2026_YTD.xlsx,Uncategorized
2026-06-12,TST* HOPS N DROPS - VANCOUVER WA,-160.32,AMEX_2026_YTD.xlsx,Restaurants
2026-06-12,COSTCO GAS #1086 CAMAS WA,-68.66,July 08.pdf,Utilities
2026-06-12,CITI CARD ONLINE DES:PAYMENT ID:432037264924196 INDN:NIKHIL NILAKANTAN CO,-1578.43,eStmt_2026-07-09.pdf,Credit Card Payment
2026-06-12,DOMINION ENERGY DES:DRAFT ID:0210147525567 INDN:NIKHIL NILAKANTAN CO,-12.84,eStmt_2026-07-09.pdf,Uncategorized
2026-06-12,"LOGITECH INC DES:775389 ID:1983192 INDN:NILAKANTAN, NIKHIL CO ID:4942810519",1110.07,eStmt_2026-07-09.pdf,Uncategorized
2026-06-12,PRIMUS REALTY DES:ACH ID:919-491-4431 INDN:NIKHIL NILAKANTAN CO,1106.0,eStmt_2026-07-09.pdf,Income
2026-06-13,COSTCO WHSE #0002 PORTLAND OR,-127.37,July 08.pdf,Grocery
2026-06-14,GOOGLE *CARNIVAL TYC G.CO/HELPPAY# CA,-3.25,AMEX_2026_YTD.xlsx,Subscriptions / Software
2026-06-14,PDX AIRPORT PARKING PORTLAND OR,-4.0,AMEX_2026_YTD.xlsx,Uncategorized
2026-06-14,T-MOBILE.COM PAYMENT800-937-8997 WA,-10.88,AMEX_2026_YTD.xlsx,Telephone / Internet
2026-06-14,TST* PORTLAND ROASTIPORTLAND OR,-12.51,AMEX_2026_YTD.xlsx,Restaurants
2026-06-14,WY-MINDWAY NEWCASTLE DE,-34.99,AMEX_2026_YTD.xlsx,Uncategorized
2026-06-15,CHANDELIER BAKERY VANCOUVER WA,-125.06,AMEX_2026_YTD.xlsx,Uncategorized
2026-06-15,GOOGLE *CARNIVAL TYC G.CO/HELPPAY# CA,-3.25,AMEX_2026_YTD.xlsx,Subscriptions / Software
2026-06-15,SAFEWAY #1287 1287 CAMAS WA,-1.98,AMEX_2026_YTD.xlsx,Grocery
2026-06-15,LOGITECH INCORPO DES:PAYROLL ID:CER000706831066 INDN:Nikhil Nilakantan CO,21501.25,eStmt_2026-07-09.pdf,Income
2026-06-15,TRANSFER NIKHIL NILAKANTAN:Thread Bank Confirmation# 2655072510,-1000.0,eStmt_2026-07-09.pdf,Transfer
2026-06-16,CANON DIRECT MELVILLE NY,-0.44,AMEX_2026_YTD.xlsx,Uncategorized
2026-06-16,JPMORGAN CHASE DES:CHASE ACH ID:4031382707 INDN:NIKHIL NILAKANTAN CO,-1405.22,eStmt_2026-07-09.pdf,Credit Card Payment
2026-06-16,T-MOBILE DES:PCS SVC ID:7662481 INDN:NIKHIL NILAKANTAN CO ID:0000450304,-190.47,eStmt_2026-07-09.pdf,Fuel
2026-06-17,BLOCK 7 GARAGE VANCOUVER WA,-6.53,AMEX_2026_YTD.xlsx,Uncategorized
2026-06-17,CHANDELIER BAKERY VANCOUVER WA,-9.19,AMEX_2026_YTD.xlsx,Uncategorized
2026-06-17,DOLLAR TREE 00000320CAMAS WA,-2.99,AMEX_2026_YTD.xlsx,Uncategorized
2026-06-17,Platinum Uber One Credit,9.99,AMEX_2026_YTD.xlsx,Travel
2026-06-17,TST* THE WATERFRONT VANCOUVER WA,-180.38,AMEX_2026_YTD.xlsx,Restaurants
2026-06-17,UBER ONE help.uber.com CA,-9.99,AMEX_2026_YTD.xlsx,Travel
2026-06-17,WALMART.COM WALMART.COM AR,-40.5,AMEX_2026_YTD.xlsx,Shopping
2026-06-17,Online Banking transfer to SAV 6084 Confirmation# 4370588736,-21501.0,eStmt_2026-07-09.pdf,Transfer
2026-06-17,Zelle payment to KALA MADUGULA Conf# ozg327cum,-40.0,eStmt_2026-07-09.pdf,Transfer
2026-06-18,AplPay AIRWALXSG*DRASG SG,-99.99,AMEX_2026_YTD.xlsx,Uncategorized
2026-06-18,AplPay RITUAL (RITUALOS ANGELES CA,-71.82,AMEX_2026_YTD.xlsx,Uncategorized
2026-06-18,SAFEWAY #1287 1287 CAMAS WA,-5.87,AMEX_2026_YTD.xlsx,Grocery
2026-06-18,COSTCO GAS #1086 CAMAS WA,-74.47,July 08.pdf,Utilities
2026-06-18,COSTCO WHSE #1086 CAMAS WA,-2.17,July 08.pdf,Grocery
2026-06-18,COSTCO WHSE #1086 CAMAS WA,-68.25,July 08.pdf,Grocery
2026-06-18,IC* INSTACART*SUBSCRIP INSTACART.COMCA,-99.0,July 08.pdf,Uncategorized
2026-06-18,LOGITECH INCORPO DES:PAYROLL ID:CER000708112339 INDN:Nikhil Nilakantan CO,4234.28,eStmt_2026-07-09.pdf,Income
2026-06-19,APPLE.COM/BILL INTERNET CHARGE CA,-18.48,AMEX_2026_YTD.xlsx,Subscriptions / Software
2026-06-19,Billdesk*AMAZON MUM IN,-4.24,AMEX_2026_YTD.xlsx,Shopping
2026-06-19,GOOGLE *CARNIVAL TYC G.CO/HELPPAY# CA,-3.25,AMEX_2026_YTD.xlsx,Subscriptions / Software
2026-06-19,GOOGLE *YOUTUBEPREMI G.CO/HELPPAY# CA,-29.3,AMEX_2026_YTD.xlsx,Subscriptions / Software
2026-06-19,Platinum Digital Entertainment Credit,13.04,AMEX_2026_YTD.xlsx,Uncategorized
2026-06-19,SAFEWAY #1287 1287 CAMAS WA,-24.88,AMEX_2026_YTD.xlsx,Grocery
2026-06-20,GOOGLE *CARNIVAL TYC G.CO/HELPPAY# CA,-3.25,AMEX_2026_YTD.xlsx,Subscriptions / Software
2026-06-20,HOOD RIVER U-PICK ORHood River OR,-116.0,AMEX_2026_YTD.xlsx,Uncategorized
2026-06-20,MYSUBARU SUBSCRIPTIO800-782-2783 NJ,-4.95,AMEX_2026_YTD.xlsx,Uncategorized
2026-06-20,PACKER ORCHARDS Hood River OR,-25.4,AMEX_2026_YTD.xlsx,Uncategorized
2026-06-20,PACKER ORCHARDS Hood River OR,-28.0,AMEX_2026_YTD.xlsx,Uncategorized
2026-06-20,REMARKABLE OPS LLC COUNTY OF SUSSEX DE,-4.34,AMEX_2026_YTD.xlsx,Uncategorized
2026-06-20,COSTCO WHSE #0002 PORTLAND OR,-166.62,July 08.pdf,Grocery
2026-06-21,BAUTISTA FARMS Vancouver WA,-22.0,AMEX_2026_YTD.xlsx,Uncategorized
2026-06-21,DH FARMERS MARKET PORTLAND OR,-36.3,AMEX_2026_YTD.xlsx,Uncategorized
2026-06-21,HOTELCOM734793543382HOTELS.COM WA,-704.56,AMEX_2026_YTD.xlsx,Travel
2026-06-21,JULIA BAKERY VANCOUVER WA,-37.5,AMEX_2026_YTD.xlsx,Restaurants
2026-06-21,MARTINEZ FAMILY FARMCANBY OR,-8.0,AMEX_2026_YTD.xlsx,Uncategorized
2026-06-21,ROMERO'S SALSA Vancouver WA,-5.0,AMEX_2026_YTD.xlsx,Uncategorized
2026-06-21,SECRET VALLEY PRODUCVancouver WA,-22.88,AMEX_2026_YTD.xlsx,Uncategorized
2026-06-21,VIRASAT INDIAN CUISICamas WA,-135.53,AMEX_2026_YTD.xlsx,Uncategorized
2026-06-22,ADOBE *ADOBE 408-536-6000 CA,-14.13,July 08.pdf,Subscriptions / Software
2026-06-22,ARW Home 888-5088886 FL,-23.98,July 08.pdf,Uncategorized
2026-06-22,COV PARKING KITTY 360-487-8454 WA,-5.35,July 08.pdf,Uncategorized
2026-06-22,PAYPAL DES:TRANSFER ID:PAYPALCRYPTOHUB INDN:NIKHIL NILAKANTAN CO,-51.1,eStmt_2026-07-09.pdf,Transfer
2026-06-22,Zelle payment to Fara Castaneda Conf# n46fwvzoo,-1000.0,eStmt_2026-07-09.pdf,Transfer
2026-06-23,GOOGLE *CARNIVAL TYC G.CO/HELPPAY# CA,-3.25,AMEX_2026_YTD.xlsx,Subscriptions / Software
2026-06-23,THE UPS STORE 5948 WASHOUGAL WA,-19.24,AMEX_2026_YTD.xlsx,Uncategorized
2026-06-23,MY529 DES:INVESTMENT ID:20577178 INDN:NIKHIL NILAKANTAN CO ID:4870680188,-120.0,eStmt_2026-07-09.pdf,Education
2026-06-24,GOOGLE *ROYAL MATCH G.CO/HELPPAY# CA,-1.08,AMEX_2026_YTD.xlsx,Subscriptions / Software
2026-06-25,APPLE.COM/BILL INTERNET CHARGE CA,-2.99,AMEX_2026_YTD.xlsx,Subscriptions / Software
2026-06-25,CAMAS WASHOUGAL GROCCAMAS WA,-12.94,AMEX_2026_YTD.xlsx,Uncategorized
2026-06-25,GOOGLE *CARNIVAL TYC G.CO/HELPPAY# CA,-3.25,AMEX_2026_YTD.xlsx,Subscriptions / Software
2026-06-25,OREGON ZOO PORTLAND OR,-69.3,AMEX_2026_YTD.xlsx,Uncategorized
2026-06-25,COSTCO GAS #1086 CAMAS WA,-71.44,July 08.pdf,Utilities
2026-06-25,Zelle payment to LEARNING ADVENTURES INC. Conf# jgdb7klg0,-1507.0,eStmt_2026-07-09.pdf,Daycare / Nanny
2026-06-26,COLUMBIA RESOURCE COWASHOUGAL WA,-16.5,AMEX_2026_YTD.xlsx,Uncategorized
2026-06-26,GOOGLE *CARNIVAL TYC G.CO/HELPPAY# CA,-3.25,AMEX_2026_YTD.xlsx,Subscriptions / Software
2026-06-26,THE UPS STORE 5948 WASHOUGAL WA,-16.01,AMEX_2026_YTD.xlsx,Uncategorized
2026-06-26,LOGITECH INCORPO DES:PAYROLL ID:CER000711131702 INDN:Nikhil Nilakantan CO,41.51,eStmt_2026-07-09.pdf,Income
2026-06-27,DON FROYLAN CREAMERY971-9152705 OR,-46.25,AMEX_2026_YTD.xlsx,Uncategorized
2026-06-27,DON FROYLAN CREAMERY971-9152705 OR,-82.5,AMEX_2026_YTD.xlsx,Uncategorized
2026-06-27,GOOGLE *GOOGLE ONE G.CO/HELPPAY# CA,-21.75,AMEX_2026_YTD.xlsx,Subscriptions / Software
2026-06-27,COSTCO WHSE #0692 HILLSBORO OR,-247.79,July 08.pdf,Grocery
2026-06-28,2LEVY AT OMZ PORTLAND OR,-4.14,AMEX_2026_YTD.xlsx,Uncategorized
2026-06-28,2LEVY AT OMZ PORTLAND OR,-29.7,AMEX_2026_YTD.xlsx,Uncategorized
2026-06-28,MYSTERY PIX AT THE OPortland OR,-31.5,AMEX_2026_YTD.xlsx,Uncategorized
2026-06-28,WASHINGTON PARK MOBILE 503-8652377 OR,-9.8,July 08.pdf,Uncategorized
2026-06-29,GOOGLE *CARNIVAL TYC G.CO/HELPPAY# CA,-3.25,AMEX_2026_YTD.xlsx,Subscriptions / Software
2026-06-30,DIGITAL FEDERAL DES:P2P PYMTS ID:ANAND S BISHT INDN:Nikhil Nilakant CO,101.0,eStmt_2026-07-09.pdf,Transfer
2026-06-30,"Zelle payment from JANETTE NAIMI RICH for ""bed""; Conf# 99cnuhpli",50.0,eStmt_2026-07-09.pdf,Transfer
2026-06-30,Zelle payment to LEARNING ADVENTURES INC. Conf# k2q095kbx,-475.0,eStmt_2026-07-09.pdf,Daycare / Nanny
2026-07-01,CITY OF WASHOUGAL UTWASHOUGAL WA,-309.49,AMEX_2026_YTD.xlsx,Uncategorized
2026-07-01,GSS VANCOUVER VANCOUVER WA,-200.0,AMEX_2026_YTD.xlsx,Uncategorized
2026-07-01,PROPAY RESIDENTIAL RRaleigh NC,-103.25,AMEX_2026_YTD.xlsx,Uncategorized
2026-07-01,PROPAY RESIDENTIAL RRaleigh NC,-309.75,AMEX_2026_YTD.xlsx,Uncategorized
2026-07-01,STATE FARM INSURANCE 800-956-6310 IL,-142.08,July 08.pdf,Insurance
2026-07-02,AYALA FARMS OUTLOOK WA,-45.0,AMEX_2026_YTD.xlsx,Grocery
2026-07-02,GOOGLE *CARNIVAL TYC G.CO/HELPPAY# CA,-3.25,AMEX_2026_YTD.xlsx,Subscriptions / Software
2026-07-02,HIGH DESERT MUSEUM BEND OR,-99.0,AMEX_2026_YTD.xlsx,Uncategorized
2026-07-02,MOBILE PAYMENT - THANK YOU,10820.44,AMEX_2026_YTD.xlsx,Uncategorized
2026-07-02,TST* THE SPOT 002791MADRAS OR,-25.0,AMEX_2026_YTD.xlsx,Restaurants
2026-07-02,COSTCO GAS #1086 CAMAS WA,-64.02,July 08.pdf,Utilities
2026-07-02,COSTCO WHSE #1086 CAMAS WA,-4.33,July 08.pdf,Grocery
2026-07-02,COSTCO WHSE #1086 CAMAS WA,-10.98,July 08.pdf,Grocery
2026-07-02,AMERICAN EXPRESS DES:ACH PMT ID:M4292 INDN:NIKHIL NILAKANTAN CO,-10820.44,eStmt_2026-07-09.pdf,Credit Card Payment
2026-07-02,GRANITE HIGHLAND DES:Assn Dues ID:68039876 INDN:Nikhil Nilakantan CO,-65.0,eStmt_2026-07-09.pdf,HOA
2026-07-02,LOGITECH INCORPO DES:PAYROLL ID:CER000713013322 INDN:Nikhil Nilakantan CO,4297.89,eStmt_2026-07-09.pdf,Income
2026-07-02,NORTHWESTERN MU DES:ISA PYMENT ID:1327537 INDN:NIKHIL NILAKANTAN CO,-231.84,eStmt_2026-07-09.pdf,Insurance
2026-07-02,Online Banking transfer from SAV 6084 Confirmation# 4702126910,11000.0,eStmt_2026-07-09.pdf,Transfer
2026-07-02,Poppins Payroll DES:2026-07-01 ID: INDN:Nikhil Nilakantan CO ID:9994387377 CCD PMT,-224.04,eStmt_2026-07-09.pdf,Income
2026-07-02,Poppins Payroll DES:2026-07-01 ID: INDN:Nikhil Nilakantan CO ID:9994387377 PPD PMT,-53.37,eStmt_2026-07-09.pdf,Income
2026-07-03,DISCOVER YOUR NORTHWBend OR,-20.6,AMEX_2026_YTD.xlsx,Uncategorized
2026-07-03,LS HIGH DESERT MUSEUBEND OR,-25.2,AMEX_2026_YTD.xlsx,Uncategorized
2026-07-03,SAFEWAY #1888 1888 BEND OR,-58.76,AMEX_2026_YTD.xlsx,Grocery
2026-07-03,TST* THE HUMAN BEAN MADRAS OR,-10.25,AMEX_2026_YTD.xlsx,Restaurants
2026-07-03,DESCHUTES NATIONAL FORES SISTERS OR,-5.0,July 08.pdf,Uncategorized
2026-07-03,AMERICAN HERITAG DES:EFT DEBIT ID:52DT366830 INDN:NIKHIL NILAKANTAN CO,-10.36,eStmt_2026-07-09.pdf,Insurance
2026-07-03,JPMORGAN CHASE DES:CHASE ACH ID:4031382707 INDN:NIKHIL NILAKANTAN CO,-1426.67,eStmt_2026-07-09.pdf,Credit Card Payment
2026-07-03,Zelle payment to Fara Castaneda Conf# pckx66vdc,-1000.0,eStmt_2026-07-09.pdf,Transfer
2026-07-04,DIAMOND PARKING SEATTLE WA,-7.55,AMEX_2026_YTD.xlsx,Uncategorized
2026-07-04,GOLDEN COFFEE CO PRINEVILLE OR,-14.69,AMEX_2026_YTD.xlsx,Uncategorized
2026-07-04,GOLDEN COFFEE CO PRINEVILLE OR,-17.81,AMEX_2026_YTD.xlsx,Uncategorized
2026-07-04,GOOGLE *CARNIVAL TYC G.CO/HELPPAY# CA,-3.25,AMEX_2026_YTD.xlsx,Subscriptions / Software
2026-07-04,TST* DESCHUTES BREWEBEND OR,-180.62,AMEX_2026_YTD.xlsx,Restaurants
2026-07-04,TST* WILD ROSE NORTHBEND OR,-170.19,AMEX_2026_YTD.xlsx,Restaurants
2026-07-04,CHEVRON 0204420 PRINEVILLE OR,-43.84,July 08.pdf,Fuel
2026-07-05,BONTA GELATO - DOWNTBend OR,-9.5,AMEX_2026_YTD.xlsx,Uncategorized
2026-07-05,GREAT HARVEST BAKERYBend OR,-28.12,AMEX_2026_YTD.xlsx,Uncategorized
2026-07-05,COSTCO GAS #1696 BEND OR,-38.91,July 08.pdf,Utilities
2026-07-06,COSTCO WHSE #0002 PORTLAND OR,-179.59,July 08.pdf,Grocery
2026-07-07,DESCHUTES NATIONAL FSISTERS OR,-5.0,AMEX_2026_YTD.xlsx,Uncategorized
2026-07-07,GOOGLE *CARNIVAL TYC G.CO/HELPPAY# CA,-3.25,AMEX_2026_YTD.xlsx,Subscriptions / Software
2026-07-07,WALMART.COM 80092562BENTONVILLE AR,-89.03,AMEX_2026_YTD.xlsx,Shopping
2026-07-08,CLARK PUBLIC UTILITIVANCOUVER WA,-67.56,AMEX_2026_YTD.xlsx,Uncategorized
2026-07-08,GLOBAL-E US INC. NEW YORK NY,-43.55,AMEX_2026_YTD.xlsx,Uncategorized
2026-07-08,GOOGLE *CARNIVAL TYC G.CO/HELPPAY# CA,-3.25,AMEX_2026_YTD.xlsx,Subscriptions / Software
2026-07-08,UWM DES:ACH ID:1225642037 INDN:NIKHIL NILAKANTAN CO ID:2782750395,-2291.9,eStmt_2026-07-09.pdf,Uncategorized
2026-07-09,AYALA FARMS OUTLOOK WA,-22.0,AMEX_2026_YTD.xlsx,Grocery
2026-07-09,PEACOCK NEW YORK CITY NY,-11.97,AMEX_2026_YTD.xlsx,Uncategorized
2026-07-09,Platinum Digital Entertainment Credit,11.97,AMEX_2026_YTD.xlsx,Uncategorized
2026-07-09,CHASE CREDIT CRD DES:EPAY ID:9517687884 INDN:NIKHIL NILAKANTAN CO,-362.69,eStmt_2026-07-09.pdf,Fuel
2026-07-09,Interest Earned,0.05,eStmt_2026-07-09.pdf,Income
2026-07-10,AplPay SHORTICAL LLCDOVER DE,-7.99,AMEX_2026_YTD.xlsx,Uncategorized
2026-07-10,GOOGLE *CARNIVAL TYC G.CO/HELPPAY# CA,-3.25,AMEX_2026_YTD.xlsx,Subscriptions / Software
2026-07-10,Platinum Walmart+ Credit,14.1,AMEX_2026_YTD.xlsx,Shopping
2026-07-10,SHORTICAL LLC DOVER DE,7.99,AMEX_2026_YTD.xlsx,Uncategorized
2026-07-10,WALMART+ MEMBER 07/2WALMART.COM AR,-14.1,AMEX_2026_YTD.xlsx,Shopping
2026-07-10,COSTCO GAS #1086 CAMAS WA,-65.41,August 10.pdf,Utilities
2026-07-10,PRIMUS REALTY DES:ACH ID:919-491-4431 INDN:NIKHIL NILAKANTAN CO,1479.0,eStmt_2026-08-07.pdf,Income
2026-07-11,GOOGLE *CARNIVAL TYC G.CO/HELPPAY# CA,-3.25,AMEX_2026_YTD.xlsx,Subscriptions / Software
2026-07-11,TST* LA PROVENCE - VVANCOUVER WA,-141.45,AMEX_2026_YTD.xlsx,Restaurants
2026-07-11,COSTCO WHSE #0002 PORTLAND OR,-171.42,August 10.pdf,Grocery
2026-07-12,LS FOREST LEARNING CTOUTLE WA,-32.99,AMEX_2026_YTD.xlsx,Uncategorized
2026-07-12,SAFEWAY #1287 1287 CAMAS WA,-36.62,AMEX_2026_YTD.xlsx,Grocery
2026-07-12,WY-MINDWAY NEWCASTLE DE,-34.99,AMEX_2026_YTD.xlsx,Uncategorized
2026-07-12,ZIPLY FIBER INTERNET866-699-4759 WA,-100.0,AMEX_2026_YTD.xlsx,Uncategorized
2026-07-12,BLOCK 7 GARAGE VANCOUVER WA,-3.27,August 10.pdf,Uncategorized
2026-07-12,COWLITZ COFFEE CASTLE ROCK WA,-11.5,August 10.pdf,Uncategorized
2026-07-13,NORTHWEST NATURA DES:BILLPAY ID:NW NATURAL 8004 INDN:NIKHIL NILAKANTAN CO,-68.44,eStmt_2026-08-07.pdf,Utilities
2026-07-14,GOOGLE *CARNIVAL TYC G.CO/HELPPAY# CA,-3.25,AMEX_2026_YTD.xlsx,Subscriptions / Software
2026-07-14,INDIA SUPERMARKET 03BEAVERTON OR,-92.7,AMEX_2026_YTD.xlsx,Grocery
2026-07-14,INDIAN CONNECTION BEAVERTON OR,-13.08,AMEX_2026_YTD.xlsx,Uncategorized
2026-07-14,COSTCO WHSE #0692 HILLSBORO OR,-121.21,August 10.pdf,Grocery
2026-07-14,SAFEWAY FUEL1287 CAMAS WA,-22.51,August 10.pdf,Grocery
2026-07-15,AYALA FARMS OUTLOOK WA,-64.1,AMEX_2026_YTD.xlsx,Grocery
2026-07-15,GOOGLE *CARNIVAL TYC G.CO/HELPPAY# CA,-3.25,AMEX_2026_YTD.xlsx,Subscriptions / Software
2026-07-15,SP RITUAL.COM LOS ANGELES CA,-42.48,AMEX_2026_YTD.xlsx,Uncategorized
2026-07-15,WIRE TYPE:FX OUT DATE:260716 TIME:0527 ET TRN:2026071500096200 FX:INR 100000.00,-1072.69,eStmt_2026-08-07.pdf,Uncategorized
2026-07-16,CANON DIRECT MELVILLE NY,-2.83,AMEX_2026_YTD.xlsx,Uncategorized
2026-07-16,JPMORGAN CHASE DES:CHASE ACH ID:4031382707 INDN:NIKHIL NILAKANTAN CO,-1426.68,eStmt_2026-08-07.pdf,Credit Card Payment
2026-07-16,T-MOBILE DES:PCS SVC ID:8363932 INDN:NIKHIL NILAKANTAN CO ID:0000450304,-221.17,eStmt_2026-08-07.pdf,Telephone / Internet
2026-07-17,AplPay SHORTICAL LLCDOVER DE,-15.0,AMEX_2026_YTD.xlsx,Uncategorized
2026-07-17,Platinum Uber One Credit,9.99,AMEX_2026_YTD.xlsx,Travel
2026-07-17,SHORTICAL LLC DOVER DE,15.0,AMEX_2026_YTD.xlsx,Uncategorized
2026-07-17,UBER ONE help.uber.com CA,-9.99,AMEX_2026_YTD.xlsx,Travel
2026-07-17,COSTCO GAS #1086 CAMAS WA,-67.74,August 10.pdf,Utilities
2026-07-17,LOGITECH INCORPO DES:PAYROLL ID:CER000718922633 INDN:Nikhil Nilakantan CO,4457.59,eStmt_2026-08-07.pdf,Income
2026-07-17,Zelle payment to Fara Castaneda Conf# jb5mz0r32,-1000.0,eStmt_2026-08-07.pdf,Transfer
2026-07-18,CAMAS WASHOUGAL GROCCAMAS WA,-33.5,AMEX_2026_YTD.xlsx,Uncategorized
2026-07-18,GOOGLE *CARNIVAL TYC G.CO/HELPPAY# CA,-3.25,AMEX_2026_YTD.xlsx,Subscriptions / Software
2026-07-18,SAFEWAY #1287 1287 CAMAS WA,-15.31,AMEX_2026_YTD.xlsx,Grocery
2026-07-18,SUMMIT SKI AREA TIMBERLINE LODGE OR,-69.0,AMEX_2026_YTD.xlsx,Uncategorized
2026-07-18,TST* KATI THAI 00002PORTLAND OR,-118.34,AMEX_2026_YTD.xlsx,Restaurants
2026-07-18,TST* MIS TACONES 001PORTLAND OR,-131.25,AMEX_2026_YTD.xlsx,Restaurants
2026-07-18,TST* SALT AND STRAW PORTLAND OR,-17.57,AMEX_2026_YTD.xlsx,Restaurants
2026-07-19,APPLE.COM/BILL INTERNET CHARGE CA,-18.49,AMEX_2026_YTD.xlsx,Subscriptions / Software
2026-07-19,GOOGLE *YOUTUBEPREMI G.CO/HELPPAY# CA,-29.3,AMEX_2026_YTD.xlsx,Subscriptions / Software
2026-07-19,Platinum Digital Entertainment Credit,13.03,AMEX_2026_YTD.xlsx,Uncategorized
2026-07-19,THE HOME DEPOT PORTLAND OR,-52.95,AMEX_2026_YTD.xlsx,Shopping
2026-07-19,COSTCO WHSE #0002 PORTLAND OR,-154.66,August 10.pdf,Grocery
2026-07-20,GOOGLE *CARNIVAL TYC G.CO/HELPPAY# CA,-3.25,AMEX_2026_YTD.xlsx,Subscriptions / Software
2026-07-20,MYSUBARU SUBSCRIPTIO800-782-2783 NJ,-4.95,AMEX_2026_YTD.xlsx,Uncategorized
2026-07-20,REMARKABLE OPS LLC COUNTY OF SUSSEX DE,-4.34,AMEX_2026_YTD.xlsx,Uncategorized
2026-07-20,USDA FS AFM GP NF 00VANCOUVER WA,-5.0,AMEX_2026_YTD.xlsx,Uncategorized
2026-07-20,COSTCO WHSE #0692 HILLSBORO OR,26.98,August 10.pdf,Grocery
2026-07-20,COSTCO WHSE #0692 HILLSBORO OR,-3.98,August 10.pdf,Grocery
2026-07-20,SAFEWAY FUEL1287 CAMAS WA,-22.88,August 10.pdf,Grocery
2026-07-20,PAYPAL DES:TRANSFER ID:PAYPALCRYPTOHUB INDN:NIKHIL NILAKANTAN CO,-51.1,eStmt_2026-08-07.pdf,Transfer
2026-07-21,GOOGLE *CARNIVAL TYC G.CO/HELPPAY# CA,-3.25,AMEX_2026_YTD.xlsx,Subscriptions / Software
2026-07-21,BLOCK 7 GARAGE VANCOUVER WA,-6.53,August 10.pdf,Uncategorized
2026-07-21,MY529 DES:INVESTMENT ID:20757578 INDN:NIKHIL NILAKANTAN CO ID:4870680188,-120.0,eStmt_2026-08-07.pdf,Education
2026-07-22,AYALA FARMS OUTLOOK WA,-47.0,AMEX_2026_YTD.xlsx,Grocery
2026-07-22,SUPERCUTS WASHOUGAL WA,-62.4,AMEX_2026_YTD.xlsx,Uncategorized
2026-07-22,TST* TWIGS BISTRO - VANCOUVER WA,-269.52,AMEX_2026_YTD.xlsx,Restaurants
2026-07-22,ADOBE *ADOBE 408-536-6000 CA,-14.15,August 10.pdf,Subscriptions / Software
2026-07-22,ARW Home 888-5088886 FL,-23.98,August 10.pdf,Uncategorized
2026-07-24,AplPay SHORTICAL LLCDOVER DE,-15.0,AMEX_2026_YTD.xlsx,Uncategorized
2026-07-24,BEST BUY RENEW001578RICHFIELD MN,-217.79,AMEX_2026_YTD.xlsx,Uncategorized
2026-07-24,CAMAS WASHOUGAL GROCCAMAS WA,-139.09,AMEX_2026_YTD.xlsx,Uncategorized
2026-07-24,EARTH KIND VANCOUVER WA,-12.0,AMEX_2026_YTD.xlsx,Uncategorized
2026-07-24,SHORTICAL LLC DOVER DE,15.0,AMEX_2026_YTD.xlsx,Uncategorized
2026-07-24,COSTCO GAS #0002 PORTLAND OR,-70.98,August 10.pdf,Utilities
2026-07-24,COSTCO WHSE #0002 PORTLAND OR,-242.78,August 10.pdf,Grocery
2026-07-24,COSTCO WHSE #0002 PORTLAND OR,-0.79,August 10.pdf,Grocery
2026-07-24,"LOGITECH INC DES:785397 ID:2008771 INDN:NILAKANTAN, NIKHIL CO ID:4942810519",415.36,eStmt_2026-08-07.pdf,Uncategorized
2026-07-24,Zelle payment to LEARNING ADVENTURES INC. Conf# mzxpr629y,-1982.0,eStmt_2026-08-07.pdf,Daycare / Nanny
2026-07-25,APPLE.COM/BILL INTERNET CHARGE CA,-2.99,AMEX_2026_YTD.xlsx,Subscriptions / Software
2026-07-25,BARNES & NOBLE TIGARD OR,-1.5,AMEX_2026_YTD.xlsx,Uncategorized
2026-07-25,BARNES & NOBLE TIGARD OR,-14.22,AMEX_2026_YTD.xlsx,Uncategorized
2026-07-25,BARNES & NOBLE TIGARD OR,-26.98,AMEX_2026_YTD.xlsx,Uncategorized
2026-07-25,CW CHAMBER OF COMMERCAMAS WA,-24.0,AMEX_2026_YTD.xlsx,Uncategorized
2026-07-25,GOOGLE *CARNIVAL TYC G.CO/HELPPAY# CA,-3.25,AMEX_2026_YTD.xlsx,Subscriptions / Software
2026-07-25,HEN HOUSE 7397274434TIGARD OR,-3.75,AMEX_2026_YTD.xlsx,Uncategorized
2026-07-25,LEGO BRIDGEPORT VILLTIGARD OR,-24.99,AMEX_2026_YTD.xlsx,Uncategorized
2026-07-25,NATURAL GROCERS VE UVANCOUVER WA,-33.31,AMEX_2026_YTD.xlsx,Uncategorized
2026-07-25,SABOR MEXICANO LLC Camas WA,-10.0,AMEX_2026_YTD.xlsx,Restaurants
2026-07-25,SANGAM INDIAN CUISINWashougal WA,-105.63,AMEX_2026_YTD.xlsx,Uncategorized
2026-07-25,THE CONTAINER STORE TIGARD OR,-22.48,AMEX_2026_YTD.xlsx,Uncategorized
2026-07-25,TRAVELIN' TOM'S COFFCamas WA,-7.61,AMEX_2026_YTD.xlsx,Uncategorized
2026-07-26,AplPay TRUE HEART ALAUSTIN TX,-130.0,AMEX_2026_YTD.xlsx,Uncategorized
2026-07-26,INDIA SUPERMARKET 03BEAVERTON OR,-198.38,AMEX_2026_YTD.xlsx,Grocery
2026-07-26,TST* SALT & STRAW - TIGARD OR,-37.15,AMEX_2026_YTD.xlsx,Restaurants
2026-07-26,TST* TANAKA - BRIDGETIGARD OR,-39.0,AMEX_2026_YTD.xlsx,Restaurants
2026-07-28,SA BAI THAI CUISINE PORTLAND OR,19.8,AMEX_2026_YTD.xlsx,Restaurants
2026-07-28,SA BAI THAI CUISINE PORTLAND OR,-169.6,AMEX_2026_YTD.xlsx,Restaurants
2026-07-29,AYALA FARMS Camas WA,-75.0,AMEX_2026_YTD.xlsx,Grocery
2026-07-29,COSTCO WHSE #1086 CAMAS WA,-106.32,August 10.pdf,Grocery
2026-07-29,COSTCO WHSE #1086 CAMAS WA,-31.76,August 10.pdf,Grocery
2026-07-30,SAFEWAY #1287 1287 CAMAS WA,-35.85,AMEX_2026_YTD.xlsx,Grocery
2026-07-30,COSTCO GAS #1086 CAMAS WA,-65.25,August 10.pdf,Utilities
2026-07-30,STATE FARM INSURANCE 800-956-6310 IL,-129.34,August 10.pdf,Insurance
2026-07-30,DIGITAL FEDERAL DES:P2P PYMTS ID:ANAND S BISHT INDN:Nikhil Nilakant CO,101.0,eStmt_2026-08-07.pdf,Transfer
2026-07-30,TRANSFER NIKHIL NILAKANTAN:Thread Bank Confirmation# 1445281225,-1000.0,eStmt_2026-08-07.pdf,Transfer
2026-07-31,AplPay SHORTICAL LLCDOVER DE,-15.0,AMEX_2026_YTD.xlsx,Uncategorized
2026-07-31,INDIA SUPERMARKET 03BEAVERTON OR,-38.28,AMEX_2026_YTD.xlsx,Grocery
2026-07-31,SHORTICAL LLC DOVER DE,15.0,AMEX_2026_YTD.xlsx,Uncategorized
2026-07-31,STARBUCKS STORE 2619HILLSBORO OR,-23.95,AMEX_2026_YTD.xlsx,Restaurants
2026-07-31,TILLAMOOK COUNTY CRETILLAMOOK OR,-36.7,AMEX_2026_YTD.xlsx,Uncategorized
2026-07-31,TST* TILLAMOOK CREAMTILLAMOOK OR,-28.8,AMEX_2026_YTD.xlsx,Restaurants
2026-07-31,COSTCO WHSE #0692 HILLSBORO OR,-135.95,August 10.pdf,Grocery
2026-07-31,LOGITECH INCORPO DES:PAYROLL ID:CER000723849205 INDN:Nikhil Nilakantan CO,4774.11,eStmt_2026-08-07.pdf,Income
2026-07-31,Zelle payment to Fara Castaneda Conf# mio4uci4a,-1000.0,eStmt_2026-08-07.pdf,Transfer
2026-07-31,Zelle payment to HARINI KISHAN Conf# o9wnur0oh,-59.0,eStmt_2026-08-07.pdf,Transfer
2026-08-01,GSS VANCOUVER VANCOUVER WA,-160.0,AMEX_2026_YTD.xlsx,Uncategorized
2026-08-01,PP *PROPAY Raleigh NC,-103.25,AMEX_2026_YTD.xlsx,Uncategorized
2026-08-01,SKAMANIA LODGE OUTLESTEVENSON WA,-38.37,AMEX_2026_YTD.xlsx,Uncategorized
2026-08-01,SKAMANIA LODGE OUTLESTEVENSON WA,-65.62,AMEX_2026_YTD.xlsx,Uncategorized
2026-08-02,BLOCK 7 GARAGE VANCOUVER WA,-9.8,AMEX_2026_YTD.xlsx,Uncategorized
2026-08-02,JULIA BAKERY VANCOUVER WA,-15.0,AMEX_2026_YTD.xlsx,Restaurants
2026-08-02,"ONLINE PAYMENT, THANK YOU",1440.8,August 10.pdf,Credit Card Payment
2026-08-03,PY *POINTE PEST CONTSAINT LOUIS MO,-136.08,AMEX_2026_YTD.xlsx,Uncategorized
2026-08-03,SAFEWAY #1287 1287 CAMAS WA,-20.42,AMEX_2026_YTD.xlsx,Grocery
2026-08-03,CHECKCARD 0730 WA LOT- SAFEWAY STORE # CAMAS WA 24445006212500736067045,-18.0,eStmt_2026-08-07.pdf,Grocery
2026-08-03,CITI CARD ONLINE DES:PAYMENT ID:422081982498493 INDN:NIKHIL NILAKANTAN CO,-1440.8,eStmt_2026-08-07.pdf,Credit Card Payment
2026-08-03,JPMORGAN CHASE DES:CHASE ACH ID:4031382707 INDN:NIKHIL NILAKANTAN CO,-1426.67,eStmt_2026-08-07.pdf,Credit Card Payment
2026-08-03,Poppins Payroll DES:2026-08-01 ID: INDN:Nikhil Nilakantan CO ID:9994387377 PPD PMT,-53.37,eStmt_2026-08-07.pdf,Income
2026-08-04,COSTCO GAS #1086 CAMAS WA,-67.38,August 10.pdf,Utilities
2026-08-04,COSTCO WHSE #1086 CAMAS WA,-4.33,August 10.pdf,Grocery
2026-08-04,COSTCO WHSE #1086 CAMAS WA,-59.63,August 10.pdf,Grocery
2026-08-04,WCI*WASTE CONNECTIONS 360-892-5370 WA,-88.16,August 10.pdf,Utilities
2026-08-04,GRANITE HIGHLAND DES:Assn Dues ID:69080883 INDN:Nikhil Nilakantan CO,-65.0,eStmt_2026-08-07.pdf,HOA
2026-08-04,NORTHWESTERN MU DES:ISA PYMENT ID:1327537 INDN:NIKHIL NILAKANTAN CO,-231.84,eStmt_2026-08-07.pdf,Insurance
2026-08-05,AMERICAN HERITAG DES:EFT DEBIT ID:52DT366830 INDN:NIKHIL NILAKANTAN CO,-10.36,eStmt_2026-08-07.pdf,Insurance
2026-08-07,AplPay SHORTICAL LLCDOVER DE,-15.0,AMEX_2026_YTD.xlsx,Uncategorized
2026-08-07,CLARK PUBLIC UTILITIVANCOUVER WA,-73.34,AMEX_2026_YTD.xlsx,Uncategorized
2026-08-07,DIRECT TRAVEL SAN JOSE CA,-3.0,AMEX_2026_YTD.xlsx,Uncategorized
2026-08-07,DIRECT TRAVEL SAN JOSE CA,-686.81,AMEX_2026_YTD.xlsx,Uncategorized
2026-08-07,SAFEWAY #1287 1287 CAMAS WA,-7.9,AMEX_2026_YTD.xlsx,Grocery
2026-08-07,SHORTICAL LLC DOVER DE,15.0,AMEX_2026_YTD.xlsx,Uncategorized
2026-08-07,Interest Earned,0.02,eStmt_2026-08-07.pdf,Income
2026-08-08,MIKIKO MOCHI DONUTS Portland OR,-6.3,AMEX_2026_YTD.xlsx,Uncategorized
2026-08-08,MOBILE PAYMENT - THANK YOU,2023.21,AMEX_2026_YTD.xlsx,Uncategorized
2026-08-08,PDX AIRPORT PARKING PORTLAND OR,-4.0,AMEX_2026_YTD.xlsx,Uncategorized
2026-08-08,TST* PORTLAND ROASTIPORTLAND OR,-11.89,AMEX_2026_YTD.xlsx,Restaurants
2026-08-08,VIRASAT INDIAN CUISICamas WA,-156.63,AMEX_2026_YTD.xlsx,Uncategorized
2026-08-08,COSTCO WHSE #0002 PORTLAND OR,-36.26,August 10.pdf,Grocery
2026-08-09,PEACOCK NEW YORK CITY NY,-11.97,AMEX_2026_YTD.xlsx,Uncategorized
2026-08-09,Platinum Digital Entertainment Credit,11.97,AMEX_2026_YTD.xlsx,Uncategorized
2026-08-09,Platinum Walmart+ Credit,14.1,AMEX_2026_YTD.xlsx,Shopping
2026-08-09,WY-MINDWAY NEWCASTLE DE,-34.99,AMEX_2026_YTD.xlsx,Uncategorized
2026-08-09,Walmart+ Member 08/28009666546 AR,-14.1,AMEX_2026_YTD.xlsx,Shopping
2026-08-10,PORT OF HOOD RIVER-EHOOD RIVER OR,-3.5,AMEX_2026_YTD.xlsx,Uncategorized
2026-08-10,AMERICAN EXPRESS DES:ACH PMT ID:M2866 INDN:NIKHIL NILAKANTAN CO,-2023.21,eStmt_2026-09-08.pdf,Credit Card Payment
2026-08-10,Bilt for UWM DES:BiltMortga ID:7ff90c46a0cf4ad INDN:NIkhil Nilakantan CO,-2291.9,eStmt_2026-09-08.pdf,Uncategorized
2026-08-10,Online Banking transfer from SAV 6084 Confirmation# 4820498281,5000.0,eStmt_2026-09-08.pdf,Transfer
2026-08-10,Zelle payment from HARINI KISHAN Conf# T22HX7VP9,80.0,eStmt_2026-09-08.pdf,Transfer
2026-08-10,Zelle payment to HARINI KISHAN Conf# leqoiad5v,-50.0,eStmt_2026-09-08.pdf,Transfer
2026-08-11,ALASKA AIRLINES SEATTLE WA,-234.99,AMEX_2026_YTD.xlsx,Travel
2026-08-11,HOTELCOM735196819638HOTELS.COM WA,-1619.0,AMEX_2026_YTD.xlsx,Travel
2026-08-11,ZIPLY FIBER INTERNET866-699-4759 WA,-100.0,AMEX_2026_YTD.xlsx,Uncategorized
2026-08-11,PRIMUS REALTY DES:ACH ID:919-491-4431 INDN:NIKHIL NILAKANTAN CO,1927.0,eStmt_2026-09-08.pdf,Income
2026-08-12,BURGERVILLE CAMAS WA,-17.97,AMEX_2026_YTD.xlsx,Uncategorized
2026-08-12,PAYU*Swiggy Limited Bangalore IN,-16.78,AMEX_2026_YTD.xlsx,Uncategorized
2026-08-12,NORTHWEST NATURA DES:BILLPAY ID:NW NATURAL 8004 INDN:NIKHIL NILAKANTAN CO,-79.74,eStmt_2026-09-08.pdf,Utilities
2026-08-13,AYALA FARMS Issaquah WA,-75.3,AMEX_2026_YTD.xlsx,Grocery
2026-08-13,AplPay TRUE HEART ALAUSTIN TX,-27.2,AMEX_2026_YTD.xlsx,Uncategorized
2026-08-13,Online Banking transfer from SAV 6084 Confirmation# 4664780700,1845.0,eStmt_2026-09-08.pdf,Transfer
2026-08-14,AplPay SHORTICAL LLCDOVER DE,-15.0,AMEX_2026_YTD.xlsx,Uncategorized
2026-08-14,MOBILE PAYMENT - THANK YOU,6717.75,AMEX_2026_YTD.xlsx,Uncategorized
2026-08-14,SHORTICAL LLC DOVER DE,15.0,AMEX_2026_YTD.xlsx,Uncategorized
2026-08-14,SP RITUAL.COM LOS ANGELES CA,-42.48,AMEX_2026_YTD.xlsx,Uncategorized
2026-08-14,LOGITECH INCORPO DES:PAYROLL ID:CER000728941797 INDN:Nikhil Nilakantan CO,4919.07,eStmt_2026-09-08.pdf,Income
2026-08-14,Zelle payment to Fara Castaneda Conf# q46xpgkwd,-1000.0,eStmt_2026-09-08.pdf,Transfer
2026-08-15,INDIA SUPERMARKET & VANCOUVER WA,-44.34,AMEX_2026_YTD.xlsx,Grocery
2026-08-15,ORCHARDS GROCERY OUTVANCOUVER WA,-53.91,AMEX_2026_YTD.xlsx,Grocery
2026-08-15,ORCHARDS GROCERY OUTVANCOUVER WA,-67.67,AMEX_2026_YTD.xlsx,Grocery
2026-08-15,COSTCO GAS #0002 PORTLAND OR,-63.81,September 08.pdf,Utilities
2026-08-15,COSTCO WHSE #0002 PORTLAND OR,-112.56,September 08.pdf,Grocery
2026-08-15,COSTCO WHSE #0002 PORTLAND OR,-5.97,September 08.pdf,Grocery
2026-08-16,AMADOR FARMS Puyallup WA,-22.0,AMEX_2026_YTD.xlsx,Uncategorized
2026-08-16,HONNA SHEFFIELD Vancouver WA,-25.0,AMEX_2026_YTD.xlsx,Uncategorized
2026-08-16,KILLDEER FARMS AT THVancouver WA,-6.48,AMEX_2026_YTD.xlsx,Uncategorized
2026-08-16,MARTINEZ FAMILY FARMCANBY OR,-10.95,AMEX_2026_YTD.xlsx,Uncategorized
2026-08-16,ROMERO'S SALSA Vancouver WA,-5.0,AMEX_2026_YTD.xlsx,Uncategorized
2026-08-16,SABOR MEXICANO LLC Vancouver WA,-35.0,AMEX_2026_YTD.xlsx,Restaurants
2026-08-16,SEAWORLD SAN DIEGO Orlando FL,-241.98,AMEX_2026_YTD.xlsx,Uncategorized
2026-08-16,T BEE S HONEY LLC SHERWOOD OR,-25.0,AMEX_2026_YTD.xlsx,Uncategorized
2026-08-17,Platinum Uber One Credit,9.99,AMEX_2026_YTD.xlsx,Travel
2026-08-17,UBER ONE help.uber.com CA,-9.99,AMEX_2026_YTD.xlsx,Travel
2026-08-17,AMERICAN EXPRESS DES:ACH PMT ID:M7224 INDN:NIKHIL NILAKANTAN CO,-6717.75,eStmt_2026-09-08.pdf,Credit Card Payment
2026-08-17,JPMORGAN CHASE DES:CHASE ACH ID:4031382707 INDN:NIKHIL NILAKANTAN CO,-1426.68,eStmt_2026-09-08.pdf,Credit Card Payment
2026-08-17,T-MOBILE DES:PCS SVC ID:9491038 INDN:NIKHIL NILAKANTAN CO ID:0000450304,-255.45,eStmt_2026-09-08.pdf,Telephone / Internet
2026-08-18,THAI BLOOM 1816 NE 3CAMAS WA,-72.02,AMEX_2026_YTD.xlsx,Restaurants
2026-08-19,APPLE.COM/BILL INTERNET CHARGE CA,-18.49,AMEX_2026_YTD.xlsx,Subscriptions / Software
2026-08-19,AUNTIE ANNE'S #WA110VANCOUVER WA,-9.38,AMEX_2026_YTD.xlsx,Uncategorized
2026-08-19,GOOGLE *YOUTUBEPREMI G.CO/HELPPAY# CA,-29.3,AMEX_2026_YTD.xlsx,Subscriptions / Software
2026-08-19,Platinum Digital Entertainment Credit,13.03,AMEX_2026_YTD.xlsx,Uncategorized
2026-08-19,US MOBILE NEW YORK NY,-299.0,AMEX_2026_YTD.xlsx,Uncategorized
2026-08-19,PAYPAL DES:TRANSFER ID:PAYPALCRYPTOHUB INDN:NIKHIL NILAKANTAN CO,-51.1,eStmt_2026-09-08.pdf,Transfer
2026-08-20,AYALA FARMS Issaquah WA,-35.0,AMEX_2026_YTD.xlsx,Grocery
2026-08-20,MYSUBARU SUBSCRIPTIO800-782-2783 NJ,-4.95,AMEX_2026_YTD.xlsx,Uncategorized
2026-08-20,REMARKABLE OPS LLC COUNTY OF SUSSEX DE,-4.34,AMEX_2026_YTD.xlsx,Uncategorized
2026-08-20,US MOBILE NEW YORK NY,-25.0,AMEX_2026_YTD.xlsx,Uncategorized
2026-08-20,COSTCO WHSE #1086 CAMAS WA,13.99,September 08.pdf,Grocery
2026-08-21,AplPay SHORTICAL LLCDOVER DE,-15.0,AMEX_2026_YTD.xlsx,Uncategorized
2026-08-21,SHORTICAL LLC DOVER DE,15.0,AMEX_2026_YTD.xlsx,Uncategorized
2026-08-21,MY529 DES:INVESTMENT ID:20948987 INDN:NIKHIL NILAKANTAN CO ID:4870680188,-120.0,eStmt_2026-09-08.pdf,Education
2026-08-22,INDIA SUPERMARKET 03BEAVERTON OR,-102.8,AMEX_2026_YTD.xlsx,Grocery
2026-08-22,INDIAN CONNECTION BEAVERTON OR,-49.15,AMEX_2026_YTD.xlsx,Uncategorized
2026-08-22,ARW Home 888-5088886 FL,-23.98,September 08.pdf,Uncategorized
2026-08-22,Adobe Inc San Jose CA,-14.15,September 08.pdf,Subscriptions / Software
2026-08-22,COSTCO WHSE #0692 HILLSBORO OR,-157.55,September 08.pdf,Grocery
2026-08-23,TRADER JOE S #272 00VANCOUVER WA,-114.44,AMEX_2026_YTD.xlsx,Grocery
2026-08-23,COSTCO GAS #1086 CAMAS WA,-64.9,September 08.pdf,Utilities
2026-08-24,Southwest Airlines DALLAS TX,-45.0,AMEX_2026_YTD.xlsx,Travel
2026-08-25,APPLE.COM/BILL INTERNET CHARGE CA,-2.99,AMEX_2026_YTD.xlsx,Subscriptions / Software
2026-08-25,LYFT 855-280-0278 CA,-19.16,AMEX_2026_YTD.xlsx,Travel
2026-08-25,LYFT 855-280-0278 CA,-39.91,AMEX_2026_YTD.xlsx,Travel
2026-08-25,LYFT 855-280-0278 CA,-64.89,AMEX_2026_YTD.xlsx,Travel
2026-08-25,TST* LILLA 000228015PORTLAND OR,-121.0,AMEX_2026_YTD.xlsx,Restaurants
2026-08-25,UBER,-6.22,AMEX_2026_YTD.xlsx,Travel
2026-08-26,LYFT 855-280-0278 CA,-18.97,AMEX_2026_YTD.xlsx,Travel
2026-08-26,LYFT 855-280-0278 CA,-47.74,AMEX_2026_YTD.xlsx,Travel
2026-08-26,Southwest Airlines DALLAS TX,-45.0,AMEX_2026_YTD.xlsx,Travel
2026-08-27,6631112 - JIM STUMPSSAN JOSE CA,-42.86,AMEX_2026_YTD.xlsx,Uncategorized
2026-08-27,ALASKA AIRLINES SEATTLE WA,-24.0,AMEX_2026_YTD.xlsx,Travel
2026-08-27,ALASKA AIRLINES SEATTLE WA,-45.0,AMEX_2026_YTD.xlsx,Travel
2026-08-27,DIRECT TRAVEL SAN JOSE CA,-3.0,AMEX_2026_YTD.xlsx,Uncategorized
2026-08-27,DIRECT TRAVEL SAN JOSE CA,-643.4,AMEX_2026_YTD.xlsx,Uncategorized
2026-08-27,GglPay GRUBHUB*DESIPNEW YORK NY,-68.87,AMEX_2026_YTD.xlsx,Uncategorized
2026-08-27,HOMEWOOD SUITES SAN SAN JOSE CA,-681.81,AMEX_2026_YTD.xlsx,Uncategorized
2026-08-27,LYFT 855-280-0278 CA,-36.16,AMEX_2026_YTD.xlsx,Travel
2026-08-27,LYFT 855-280-0278 CA,-46.21,AMEX_2026_YTD.xlsx,Travel
2026-08-27,LYFT 855-280-0278 CA,-58.05,AMEX_2026_YTD.xlsx,Travel
2026-08-27,Zelle payment to HARINI Conf# i73opx9sq,-50.0,eStmt_2026-09-08.pdf,Transfer
2026-08-28,AplPay SHORTICAL LLCDOVER DE,-15.0,AMEX_2026_YTD.xlsx,Uncategorized
2026-08-28,DIRECT TRAVEL SAN JOSE CA,343.41,AMEX_2026_YTD.xlsx,Uncategorized
2026-08-28,PAR*FIVE GUYS MILL VANCOUVER WA,-27.45,AMEX_2026_YTD.xlsx,Uncategorized
2026-08-28,SHORTICAL LLC DOVER DE,15.0,AMEX_2026_YTD.xlsx,Uncategorized
2026-08-28,LOGITECH INCORPO DES:PAYROLL ID:CER000733560196 INDN:Nikhil Nilakantan CO,4892.86,eStmt_2026-09-08.pdf,Income
2026-08-28,Zelle payment to LEARNING ADVENTURES INC. Conf# f7l0402ps,-1982.0,eStmt_2026-09-08.pdf,Daycare / Nanny
2026-08-29,HOTELCOM735196819638HOTELS.COM WA,1619.0,AMEX_2026_YTD.xlsx,Travel
2026-08-29,INDIA SUPERMARKET 03BEAVERTON OR,-97.76,AMEX_2026_YTD.xlsx,Grocery
2026-08-29,MUMBAI STREET FOOD Beaverton OR,-31.02,AMEX_2026_YTD.xlsx,Restaurants
2026-08-29,COSTCO WHSE #0692 HILLSBORO OR,-163.59,September 08.pdf,Grocery
2026-08-29,STATE FARM INSURANCE 800-956-6310 IL,-129.35,September 08.pdf,Insurance
2026-08-30,TST* SALT AND STRAW VANCOUVER WA,-18.85,AMEX_2026_YTD.xlsx,Restaurants
2026-08-30,BLOCK 7 GARAGE VANCOUVER WA,-3.27,September 08.pdf,Uncategorized
2026-08-30,COSTCO WHSE #1086 CAMAS WA,-11.99,September 08.pdf,Grocery
2026-08-30,COSTCO WHSE #1086 CAMAS WA,-40.46,September 08.pdf,Grocery
2026-09-01,CITY OF WASHOUGAL UTWASHOUGAL WA,-429.35,AMEX_2026_YTD.xlsx,Uncategorized
2026-09-01,PP *PROPAY Raleigh NC,-103.25,AMEX_2026_YTD.xlsx,Uncategorized
2026-09-01,DIGITAL FEDERAL DES:P2P PYMTS ID:ANAND S BISHT INDN:Nikhil Nilakant CO,101.0,eStmt_2026-09-08.pdf,Transfer
2026-09-02,GSS VANCOUVER VANCOUVER WA,-200.0,AMEX_2026_YTD.xlsx,Uncategorized
2026-09-02,COSTCO GAS #1086 CAMAS WA,-70.55,September 08.pdf,Utilities
2026-09-02,Bilt for UWM DES:BiltMortga ID:c91d1505527f469 INDN:NIkhil Nilakantan CO,-2191.9,eStmt_2026-09-08.pdf,Uncategorized
2026-09-02,GRANITE HIGHLAND DES:Assn Dues ID:69907109 INDN:Nikhil Nilakantan CO,-65.0,eStmt_2026-09-08.pdf,HOA
2026-09-02,NORTHWESTERN MU DES:ISA PYMENT ID:1327537 INDN:NIKHIL NILAKANTAN CO,-231.84,eStmt_2026-09-08.pdf,Insurance
2026-09-02,Poppins Payroll DES:2026-09-01 ID: INDN:Nikhil Nilakantan CO ID:9994387377 CCD PMT,-1748.22,eStmt_2026-09-08.pdf,Income
2026-09-02,Poppins Payroll DES:2026-09-01 ID: INDN:Nikhil Nilakantan CO ID:9994387377 PPD PMT,-53.37,eStmt_2026-09-08.pdf,Income
2026-09-03,AYALA FARMS Camas WA,-29.94,AMEX_2026_YTD.xlsx,Grocery
2026-09-03,VIRASAT INDIAN CUISICamas WA,-87.9,AMEX_2026_YTD.xlsx,Uncategorized
2026-09-03,AMERICAN HERITAG DES:EFT DEBIT ID:52DT366830 INDN:NIKHIL NILAKANTAN CO,-10.36,eStmt_2026-09-08.pdf,Insurance
2026-09-03,JPMORGAN CHASE DES:CHASE ACH ID:4031382707 INDN:NIKHIL NILAKANTAN CO,-1426.67,eStmt_2026-09-08.pdf,Credit Card Payment
2026-09-03,"LOGITECH INC DES:792670 ID:2027729 INDN:NILAKANTAN, NIKHIL CO ID:4942810519",2523.24,eStmt_2026-09-08.pdf,Uncategorized
2026-09-03,OVERDRAFT ITEM FEE FOR ACTIVITY OF 09-02,-10.0,eStmt_2026-09-08.pdf,Uncategorized
2026-09-03,OVERDRAFT PROTECTION FROM 00002430575968,178.86,eStmt_2026-09-08.pdf,Uncategorized
2026-09-03,OVERDRAFT PROTECTION TO 000000000002430069589,-178.86,eStmt_2026-09-08.pdf,Uncategorized
2026-09-04,AplPay SHORTICAL LLCDOVER DE,-15.0,AMEX_2026_YTD.xlsx,Uncategorized
2026-09-04,SAFEWAY #1287 1287 CAMAS WA,-19.98,AMEX_2026_YTD.xlsx,Grocery
2026-09-04,SHORTICAL LLC DOVER DE,15.0,AMEX_2026_YTD.xlsx,Uncategorized
2026-09-05,PORT OF CASCADE LOCKCASCADE LOCKS OR,-3.0,AMEX_2026_YTD.xlsx,Uncategorized
2026-09-05,TST* SOLSTICE WOOD FHOOD RIVER OR,-114.07,AMEX_2026_YTD.xlsx,Restaurants
2026-09-06,DOPPIO COFFEE Hood River OR,-8.12,AMEX_2026_YTD.xlsx,Uncategorized
2026-09-06,HAMPTON INN AND SUITHOOD RIVER OR,-406.16,AMEX_2026_YTD.xlsx,Uncategorized
2026-09-06,SAFEWAY HOOD RIVER OR,-18.99,AMEX_2026_YTD.xlsx,Grocery
2026-09-06,COSTCO WHSE #1086 CAMAS WA,-95.65,September 08.pdf,Grocery
2026-09-06,"ONLINE PAYMENT, THANK YOU",41.0,September 08.pdf,Credit Card Payment
2026-09-07,2LEVY AT OMZ PORTLAND OR,-8.5,AMEX_2026_YTD.xlsx,Uncategorized
2026-09-07,TST* KAYO'S RAMEN - PORTLAND OR,-49.9,AMEX_2026_YTD.xlsx,Restaurants
2026-09-07,WASHINGTON PARK MOBILE 503-8652377 OR,-9.8,September 08.pdf,Uncategorized
2026-09-08,CLARK PUBLIC UTILITIVANCOUVER WA,-90.03,AMEX_2026_YTD.xlsx,Uncategorized
2026-09-08,THE UPS STORE 4547 CAMAS WA,-70.59,AMEX_2026_YTD.xlsx,Uncategorized
2026-09-08,INTEREST CHARGED TO STANDARD PURCH,-32.25,September 08.pdf,Uncategorized
2026-09-08,CITI CARD ONLINE DES:PAYMENT ID:432112083799002 INDN:NIKHIL NILAKANTAN CO,-41.0,eStmt_2026-09-08.pdf,Credit Card Payment
2026-09-08,Interest Earned,0.02,eStmt_2026-09-08.pdf,Income
2026-09-08,Zelle payment to GM Landscaping Conf# lkea2syop,-100.0,eStmt_2026-09-08.pdf,Transfer
2026-09-09,ALASKA AIRLINES SEATTLE WA,-15.0,AMEX_2026_YTD.xlsx,Travel
2026-09-09,PEACOCK NEW YORK CITY NY,-11.97,AMEX_2026_YTD.xlsx,Uncategorized
2026-09-09,Platinum Digital Entertainment Credit,11.97,AMEX_2026_YTD.xlsx,Uncategorized
2026-09-09,Platinum Walmart+ Credit,14.1,AMEX_2026_YTD.xlsx,Shopping
2026-09-09,TST* JANKEN 00159243PORTLAND OR,-236.8,AMEX_2026_YTD.xlsx,Restaurants
2026-09-09,Walmart+ Member 09/28009666546 AR,-14.1,AMEX_2026_YTD.xlsx,Shopping
2026-09-10,Southwest Airlines DALLAS TX,-78.4,AMEX_2026_YTD.xlsx,Travel
2026-09-11,AplPay SHORTICAL LLCDOVER DE,-15.0,AMEX_2026_YTD.xlsx,Uncategorized
2026-09-11,CAMAS WASHOUGAL GROCCAMAS WA,-44.76,AMEX_2026_YTD.xlsx,Uncategorized
2026-09-11,SHORTICAL LLC DOVER DE,15.0,AMEX_2026_YTD.xlsx,Uncategorized
2026-09-11,ZIPLY FIBER INTERNET866-699-4759 WA,-100.0,AMEX_2026_YTD.xlsx,Uncategorized
2026-09-12,INDIA SUPERMARKET 03BEAVERTON OR,-61.67,AMEX_2026_YTD.xlsx,Grocery
2026-09-13,SP RITUAL.COM LOS ANGELES CA,-42.48,AMEX_2026_YTD.xlsx,Uncategorized
2026-09-13,TRADER JOE S #272 00VANCOUVER WA,-107.39,AMEX_2026_YTD.xlsx,Grocery
2026-09-17,Platinum Uber One Credit,9.99,AMEX_2026_YTD.xlsx,Travel
2026-09-17,SAFEWAY #1287 1287 CAMAS WA,-1.49,AMEX_2026_YTD.xlsx,Grocery
2026-09-17,UBER ONE help.uber.com CA,-9.99,AMEX_2026_YTD.xlsx,Travel
2026-09-18,AplPay SHORTICAL LLCDOVER DE,-15.0,AMEX_2026_YTD.xlsx,Uncategorized
2026-09-18,SHORTICAL LLC DOVER DE,15.0,AMEX_2026_YTD.xlsx,Uncategorized
2026-09-19,AMADOR FARMS Vancouver WA,-26.0,AMEX_2026_YTD.xlsx,Uncategorized
2026-09-19,APPLE.COM/BILL INTERNET CHARGE CA,-18.49,AMEX_2026_YTD.xlsx,Subscriptions / Software
2026-09-19,BT*TEMU.COM BOSTON MA,-19.35,AMEX_2026_YTD.xlsx,Uncategorized
2026-09-19,GOOGLE *YOUTUBEPREMI G.CO/HELPPAY# CA,-29.3,AMEX_2026_YTD.xlsx,Subscriptions / Software
2026-09-19,GREEN EATS WENATCHEEVancouver WA,-8.0,AMEX_2026_YTD.xlsx,Uncategorized
2026-09-19,JULIA BAKERY VANCOUVER WA,-11.5,AMEX_2026_YTD.xlsx,Restaurants
2026-09-19,Platinum Digital Entertainment Credit,13.03,AMEX_2026_YTD.xlsx,Uncategorized
2026-09-19,SA BAI THAI CUISINE PORTLAND OR,-58.2,AMEX_2026_YTD.xlsx,Restaurants
2026-09-19,TRADER JOE S #144 00PORTLAND OR,-48.56,AMEX_2026_YTD.xlsx,Grocery
2026-09-19,US MOBILE NEW YORK NY,-25.0,AMEX_2026_YTD.xlsx,Uncategorized
2026-09-20,MYSUBARU SUBSCRIPTIO800-782-2783 NJ,-4.95,AMEX_2026_YTD.xlsx,Uncategorized
2026-09-20,REMARKABLE OPS LLC COUNTY OF SUSSEX DE,-4.34,AMEX_2026_YTD.xlsx,Uncategorized
2026-09-22,UNIVERSAL NORTH AMERSARASOTA FL,-969.0,AMEX_2026_YTD.xlsx,Uncategorized
2026-09-23,AYALA FARMS Camas WA,-60.0,AMEX_2026_YTD.xlsx,Grocery
2026-09-23,GOOGLE *CARNIVAL TYC G.CO/HELPPAY# CA,-2.16,AMEX_2026_YTD.xlsx,Subscriptions / Software
2026-09-25,APPLE.COM/BILL INTERNET CHARGE CA,-2.99,AMEX_2026_YTD.xlsx,Subscriptions / Software
2026-09-25,AplPay SHORTICAL LLCDOVER DE,-15.0,AMEX_2026_YTD.xlsx,Uncategorized
2026-09-25,SHORTICAL LLC DOVER DE,15.0,AMEX_2026_YTD.xlsx,Uncategorized
2026-09-26,TRADER JOE S #144 00PORTLAND OR,-81.52,AMEX_2026_YTD.xlsx,Grocery
2026-09-30,AYALA FARMS OUTLOOK WA,-150.0,AMEX_2026_YTD.xlsx,Grocery
2026-10-01,GSS VANCOUVER VANCOUVER WA,-160.0,AMEX_2026_YTD.xlsx,Uncategorized
2026-10-01,PP *PROPAY Raleigh NC,-103.25,AMEX_2026_YTD.xlsx,Uncategorized
2026-10-01,PP *PROPAY Raleigh NC,-309.75,AMEX_2026_YTD.xlsx,Uncategorized
2026-10-01,SANGAM INDIAN CUSINEVancouver WA,-80.26,AMEX_2026_YTD.xlsx,Uncategorized
2026-10-02,AplPay SHORTICAL LLCDOVER DE,-15.0,AMEX_2026_YTD.xlsx,Uncategorized
2026-10-02,COHO OCEANFRONT LODGLINCOLN CITY OR,-659.33,AMEX_2026_YTD.xlsx,Uncategorized
2026-10-02,LINK* ACTIONS GLOBALSOUTH SAN FRANCISCO CA,-260.48,AMEX_2026_YTD.xlsx,Uncategorized
2026-10-03,GROCERY OUTLET 530 OLINCOLN CITY OR,-2.98,AMEX_2026_YTD.xlsx,Grocery
2026-10-03,OREGON COAST AQUARIUNEWPORT OR,-14.0,AMEX_2026_YTD.xlsx,Uncategorized
2026-10-03,OREGON COAST AQUARIUNEWPORT OR,-94.85,AMEX_2026_YTD.xlsx,Uncategorized
2026-10-04,BAY VIEW THAI KITCHEDEPOE BAY OR,-41.31,AMEX_2026_YTD.xlsx,Restaurants
2026-10-04,COHO OCEANFRONT LODGLINCOLN CITY OR,-6.0,AMEX_2026_YTD.xlsx,Uncategorized
2026-10-04,INDIA SUPERMARKET 03BEAVERTON OR,-127.18,AMEX_2026_YTD.xlsx,Grocery
2026-10-04,TST* LA ROCA OAXACA LINCOLN CITY OR,-44.83,AMEX_2026_YTD.xlsx,Restaurants
